amount,transaction_type,location,device_id,transaction_hour,previous_transactions,is_new_device,is_international,fraud
49928.0,DEPOSIT,Nashik,DEVICE008,4,12,1,0,0
43175.9,WITHDRAWAL,Hyderabad,DEVICE007,6,14,0,0,0
13360.64,PAYMENT,Dhule,DEVICE007,22,5,1,0,0
22277.56,WITHDRAWAL,Kolkata,DEVICE007,10,24,0,0,0
14443.33,PAYMENT,Nashik,DEVICE006,23,1,0,0,0
41677.01,TRANSFER,Ahmedabad,DEVICE005,16,16,0,0,1
19898.23,WITHDRAWAL,Dhule,DEVICE005,7,30,0,0,0
34277.95,WITHDRAWAL,Chennai,DEVICE003,18,1,0,0,0
40053.37,PAYMENT,Delhi,DEVICE004,1,9,0,0,0
25922.82,TRANSFER,Delhi,DEVICE005,0,21,0,0,0
13346.23,PAYMENT,Chennai,DEVICE006,19,27,1,0,0
27303.03,TRANSFER,Delhi,DEVICE003,8,28,0,1,0
1230.17,DEPOSIT,Pune,DEVICE005,5,22,0,0,0
14343.94,DEPOSIT,Bangalore,DEVICE002,23,11,0,0,0
44521.0,TRANSFER,Delhi,DEVICE008,18,18,0,0,0
22382.12,DEPOSIT,Pune,DEVICE008,6,13,0,1,0
26374.29,TRANSFER,Nashik,DEVICE001,20,7,0,1,0
13737.16,DEPOSIT,Dhule,DEVICE002,11,3,0,1,1
25929.06,DEPOSIT,Kolkata,DEVICE005,11,15,0,0,1
49075.01,WITHDRAWAL,Pune,DEVICE005,13,1,1,0,1
27908.55,DEPOSIT,Dhule,DEVICE003,15,17,0,0,0
48272.75,TRANSFER,Delhi,DEVICE004,12,2,0,0,0
11073.52,PAYMENT,Ahmedabad,DEVICE001,10,26,1,0,0
41871.05,TRANSFER,Mumbai,DEVICE007,1,10,0,0,1
6963.64,TRANSFER,Mumbai,DEVICE005,17,2,1,0,0
12271.58,TRANSFER,Pune,DEVICE005,7,11,0,0,0
21905.58,DEPOSIT,Chennai,DEVICE003,14,7,0,0,0
1632.5,DEPOSIT,Nashik,DEVICE004,11,13,0,0,0
48487.83,TRANSFER,Nashik,DEVICE001,13,12,0,0,1
11882.18,WITHDRAWAL,Dhule,DEVICE005,3,0,0,0,1
581.13,TRANSFER,Nashik,DEVICE005,15,14,1,0,0
27951.17,DEPOSIT,Kolkata,DEVICE003,8,22,0,0,0
36351.83,TRANSFER,Nashik,DEVICE001,0,13,0,0,0
42871.19,TRANSFER,Ahmedabad,DEVICE005,17,10,0,1,0
47775.55,DEPOSIT,Mumbai,DEVICE005,9,27,1,0,1
32227.52,TRANSFER,Bangalore,DEVICE001,17,16,0,1,1
13390.8,TRANSFER,Delhi,DEVICE008,6,16,0,0,0
17857.93,DEPOSIT,Dhule,DEVICE001,3,4,0,1,1
12926.96,TRANSFER,Hyderabad,DEVICE005,20,13,0,1,0
22787.04,TRANSFER,Hyderabad,DEVICE008,5,10,1,0,0
26442.15,DEPOSIT,Bangalore,DEVICE001,14,20,1,0,0
10356.87,PAYMENT,Nashik,DEVICE002,14,10,0,0,0
9091.68,DEPOSIT,Kolkata,DEVICE006,19,29,0,1,0
26866.58,DEPOSIT,Ahmedabad,DEVICE008,21,9,0,1,0
44917.36,DEPOSIT,Nashik,DEVICE003,8,19,0,1,0
24098.35,TRANSFER,Hyderabad,DEVICE002,13,25,1,1,1
19724.88,DEPOSIT,Pune,DEVICE007,17,2,0,0,0
24139.23,PAYMENT,Hyderabad,DEVICE007,14,16,0,0,0
42444.52,WITHDRAWAL,Delhi,DEVICE002,15,27,0,0,0
28395.59,PAYMENT,Kolkata,DEVICE003,6,11,1,0,0
27308.64,PAYMENT,Dhule,DEVICE005,16,23,0,1,0
10704.73,DEPOSIT,Kolkata,DEVICE006,13,6,0,1,0
26469.24,WITHDRAWAL,Ahmedabad,DEVICE006,10,28,1,1,0
39639.72,PAYMENT,Nashik,DEVICE007,13,2,0,0,0
3371.94,PAYMENT,Nashik,DEVICE004,9,10,0,0,0
35119.92,TRANSFER,Nashik,DEVICE006,12,17,0,0,0
26950.19,DEPOSIT,Ahmedabad,DEVICE003,8,3,1,0,0
39038.06,WITHDRAWAL,Nashik,DEVICE008,15,3,1,1,0
24279.67,PAYMENT,Nashik,DEVICE007,4,15,1,0,1
22315.21,TRANSFER,Nashik,DEVICE007,11,5,1,0,0
47903.02,DEPOSIT,Delhi,DEVICE003,14,28,0,0,1
44913.39,PAYMENT,Nashik,DEVICE004,13,4,0,0,0
45161.49,PAYMENT,Nashik,DEVICE005,10,15,0,0,0
36400.7,DEPOSIT,Mumbai,DEVICE006,0,21,0,0,0
34904.37,TRANSFER,Dhule,DEVICE007,22,24,0,0,0
35454.7,WITHDRAWAL,Dhule,DEVICE001,4,6,0,0,0
24831.5,TRANSFER,Pune,DEVICE002,6,6,0,0,0
23204.78,WITHDRAWAL,Dhule,DEVICE001,8,29,0,0,0
23786.26,PAYMENT,Pune,DEVICE001,13,15,0,1,0
18155.5,WITHDRAWAL,Mumbai,DEVICE006,12,5,0,0,0
38655.88,DEPOSIT,Nashik,DEVICE005,23,20,0,0,0
47053.64,TRANSFER,Delhi,DEVICE002,12,17,0,0,0
29426.26,WITHDRAWAL,Chennai,DEVICE008,13,16,0,0,0
38022.44,WITHDRAWAL,Chennai,DEVICE001,22,18,0,0,0
32951.59,WITHDRAWAL,Mumbai,DEVICE005,14,26,1,1,0
49784.27,DEPOSIT,Pune,DEVICE006,11,25,0,0,0
24696.02,DEPOSIT,Ahmedabad,DEVICE003,15,23,0,0,0
23530.12,TRANSFER,Bangalore,DEVICE005,7,17,0,0,0
30245.09,PAYMENT,Ahmedabad,DEVICE005,23,6,0,0,0
47689.69,TRANSFER,Dhule,DEVICE007,19,22,1,0,1
37206.28,PAYMENT,Dhule,DEVICE006,6,10,0,0,0
14762.24,TRANSFER,Bangalore,DEVICE005,9,14,0,0,0
12707.56,PAYMENT,Kolkata,DEVICE002,15,4,0,0,0
25325.18,PAYMENT,Ahmedabad,DEVICE001,11,12,0,0,0
45223.54,WITHDRAWAL,Ahmedabad,DEVICE008,12,11,0,0,0
19269.66,WITHDRAWAL,Pune,DEVICE006,19,25,0,0,0
37893.13,WITHDRAWAL,Delhi,DEVICE004,19,13,0,1,0
7397.39,PAYMENT,Bangalore,DEVICE003,19,0,1,0,0
47931.25,TRANSFER,Dhule,DEVICE008,23,19,0,1,1
21528.81,PAYMENT,Hyderabad,DEVICE007,2,5,0,0,0
37133.38,TRANSFER,Mumbai,DEVICE001,23,13,1,0,0
13823.31,WITHDRAWAL,Dhule,DEVICE004,17,21,0,0,0
31597.02,WITHDRAWAL,Delhi,DEVICE003,3,9,0,0,0
43788.35,WITHDRAWAL,Kolkata,DEVICE005,7,9,0,0,0
17861.75,TRANSFER,Delhi,DEVICE005,18,18,0,1,0
36310.83,PAYMENT,Pune,DEVICE001,7,25,0,0,0
32127.7,PAYMENT,Nashik,DEVICE004,3,1,1,0,0
9543.08,DEPOSIT,Bangalore,DEVICE005,2,29,1,0,0
7403.91,DEPOSIT,Ahmedabad,DEVICE005,1,18,1,0,0
27012.39,TRANSFER,Mumbai,DEVICE006,4,17,0,0,0
34222.52,DEPOSIT,Ahmedabad,DEVICE003,7,11,0,1,0
38686.83,DEPOSIT,Chennai,DEVICE007,23,26,0,0,0
34242.75,TRANSFER,Kolkata,DEVICE002,19,0,1,0,0
32925.91,DEPOSIT,Chennai,DEVICE007,14,10,0,0,0
4474.59,DEPOSIT,Bangalore,DEVICE002,22,27,0,0,0
32540.24,PAYMENT,Chennai,DEVICE007,23,14,0,0,0
7047.23,DEPOSIT,Nashik,DEVICE005,6,5,1,0,0
6034.69,WITHDRAWAL,Ahmedabad,DEVICE006,8,7,0,0,1
40599.37,TRANSFER,Pune,DEVICE005,8,25,0,0,1
1786.18,DEPOSIT,Kolkata,DEVICE001,17,2,0,0,0
32831.89,WITHDRAWAL,Mumbai,DEVICE004,2,27,1,0,1
36265.88,DEPOSIT,Nashik,DEVICE002,5,16,1,1,1
37198.0,WITHDRAWAL,Chennai,DEVICE002,13,26,0,0,0
25365.01,DEPOSIT,Hyderabad,DEVICE004,22,20,1,0,0
19291.81,WITHDRAWAL,Mumbai,DEVICE008,4,6,0,0,0
19383.6,PAYMENT,Dhule,DEVICE002,12,4,0,0,0
32871.05,TRANSFER,Mumbai,DEVICE002,19,15,0,0,0
49106.84,WITHDRAWAL,Mumbai,DEVICE001,12,7,0,0,0
21751.94,WITHDRAWAL,Nashik,DEVICE006,0,29,0,0,1
11482.71,TRANSFER,Dhule,DEVICE005,12,25,1,0,0
19439.68,PAYMENT,Nashik,DEVICE003,1,5,0,0,0
5446.81,DEPOSIT,Nashik,DEVICE008,4,23,0,0,0
48679.08,DEPOSIT,Kolkata,DEVICE006,4,5,0,0,0
24102.31,DEPOSIT,Hyderabad,DEVICE005,6,27,0,0,0
20052.48,WITHDRAWAL,Dhule,DEVICE008,21,29,0,0,0
420.75,TRANSFER,Nashik,DEVICE008,15,4,0,0,0
35139.03,PAYMENT,Hyderabad,DEVICE006,18,7,0,1,0
10504.87,WITHDRAWAL,Hyderabad,DEVICE003,17,8,0,1,0
37539.66,TRANSFER,Kolkata,DEVICE004,9,8,0,0,1
41086.93,TRANSFER,Delhi,DEVICE007,4,3,0,0,0
48672.83,DEPOSIT,Mumbai,DEVICE001,8,9,0,1,1
15340.61,TRANSFER,Mumbai,DEVICE002,23,25,0,0,0
22336.95,DEPOSIT,Bangalore,DEVICE006,4,3,1,0,0
27345.59,WITHDRAWAL,Pune,DEVICE002,5,1,1,0,1
22837.23,WITHDRAWAL,Bangalore,DEVICE002,15,26,0,1,0
1499.04,DEPOSIT,Bangalore,DEVICE007,15,2,1,0,0
35498.52,TRANSFER,Mumbai,DEVICE003,19,0,1,0,0
5099.82,WITHDRAWAL,Hyderabad,DEVICE002,11,5,0,0,0
13223.15,TRANSFER,Ahmedabad,DEVICE008,0,1,0,0,0
40361.19,WITHDRAWAL,Nashik,DEVICE007,8,16,1,0,1
47726.67,TRANSFER,Hyderabad,DEVICE003,13,12,0,0,0
16045.34,TRANSFER,Nashik,DEVICE008,20,3,0,0,0
32523.41,DEPOSIT,Ahmedabad,DEVICE005,1,11,0,1,1
14346.14,PAYMENT,Hyderabad,DEVICE006,17,23,0,1,1
15640.79,PAYMENT,Dhule,DEVICE008,23,7,1,0,1
49538.97,TRANSFER,Kolkata,DEVICE008,13,28,0,0,0
42651.33,DEPOSIT,Dhule,DEVICE007,7,6,0,0,0
34651.71,PAYMENT,Kolkata,DEVICE002,18,3,0,0,0
7445.26,PAYMENT,Chennai,DEVICE002,5,9,1,1,0
44330.81,TRANSFER,Hyderabad,DEVICE002,1,26,0,0,0
28261.97,TRANSFER,Pune,DEVICE008,0,24,0,1,1
25499.32,WITHDRAWAL,Nashik,DEVICE001,1,18,1,1,1
26109.86,DEPOSIT,Dhule,DEVICE005,13,23,0,0,0
41178.5,TRANSFER,Mumbai,DEVICE005,11,7,0,1,0
13401.98,PAYMENT,Nashik,DEVICE004,5,14,1,0,0
38821.47,WITHDRAWAL,Ahmedabad,DEVICE001,15,17,0,0,0
12701.78,PAYMENT,Bangalore,DEVICE008,14,23,0,0,0
33952.71,TRANSFER,Nashik,DEVICE002,4,3,1,1,0
49684.06,DEPOSIT,Ahmedabad,DEVICE003,19,0,0,0,1
27135.39,WITHDRAWAL,Bangalore,DEVICE008,5,30,0,1,1
5839.33,TRANSFER,Dhule,DEVICE008,14,25,1,0,0
41430.62,PAYMENT,Pune,DEVICE003,16,19,1,0,1
30544.67,DEPOSIT,Kolkata,DEVICE008,19,19,0,0,0
22394.09,TRANSFER,Kolkata,DEVICE001,23,8,0,0,0
23961.07,WITHDRAWAL,Hyderabad,DEVICE002,13,11,0,1,1
7947.21,PAYMENT,Hyderabad,DEVICE002,18,15,0,0,0
27063.38,DEPOSIT,Chennai,DEVICE005,0,29,0,0,0
19828.17,DEPOSIT,Delhi,DEVICE004,3,22,0,0,0
8509.56,PAYMENT,Pune,DEVICE008,5,3,0,0,0
47646.5,TRANSFER,Chennai,DEVICE004,8,3,0,0,0
8082.03,TRANSFER,Pune,DEVICE007,18,28,1,0,1
43407.01,WITHDRAWAL,Delhi,DEVICE001,11,16,0,0,0
8177.15,TRANSFER,Chennai,DEVICE005,16,26,0,0,0
49949.64,WITHDRAWAL,Ahmedabad,DEVICE007,8,17,0,0,0
47426.08,DEPOSIT,Hyderabad,DEVICE006,12,12,0,0,0
35284.64,WITHDRAWAL,Dhule,DEVICE001,8,8,0,0,1
17540.16,WITHDRAWAL,Kolkata,DEVICE006,8,24,0,1,1
24970.8,WITHDRAWAL,Chennai,DEVICE005,21,29,0,0,0
34490.61,TRANSFER,Kolkata,DEVICE002,20,20,0,0,0
30615.45,PAYMENT,Mumbai,DEVICE006,12,12,0,1,0
19964.62,WITHDRAWAL,Mumbai,DEVICE001,8,26,0,1,1
6118.85,WITHDRAWAL,Ahmedabad,DEVICE005,15,26,1,1,0
26895.37,PAYMENT,Hyderabad,DEVICE006,21,13,1,1,0
22781.17,DEPOSIT,Bangalore,DEVICE005,0,7,0,0,0
31456.5,WITHDRAWAL,Hyderabad,DEVICE006,6,3,1,0,1
27086.59,DEPOSIT,Delhi,DEVICE002,12,20,0,0,0
37990.18,PAYMENT,Hyderabad,DEVICE002,2,20,0,0,1
32373.93,TRANSFER,Ahmedabad,DEVICE002,12,0,0,0,0
11177.87,DEPOSIT,Chennai,DEVICE003,7,13,0,0,0
23646.36,PAYMENT,Kolkata,DEVICE003,11,20,0,0,0
49672.7,PAYMENT,Delhi,DEVICE008,14,7,0,0,1
26605.8,TRANSFER,Delhi,DEVICE004,16,16,1,1,1
29024.73,WITHDRAWAL,Kolkata,DEVICE006,0,12,1,0,1
41838.03,TRANSFER,Pune,DEVICE001,11,10,0,1,1
33124.59,PAYMENT,Chennai,DEVICE007,3,13,0,1,1
5481.91,WITHDRAWAL,Ahmedabad,DEVICE007,9,30,0,0,0
35785.26,PAYMENT,Bangalore,DEVICE003,23,23,0,0,0
46733.18,DEPOSIT,Ahmedabad,DEVICE001,8,7,0,0,0
521.07,DEPOSIT,Dhule,DEVICE008,11,19,0,0,0
43282.52,WITHDRAWAL,Nashik,DEVICE008,19,7,1,0,1
8119.01,PAYMENT,Mumbai,DEVICE001,7,20,1,0,0
34976.36,WITHDRAWAL,Kolkata,DEVICE001,7,19,0,0,1
26849.72,PAYMENT,Delhi,DEVICE008,14,9,0,0,0
13390.67,PAYMENT,Mumbai,DEVICE006,2,10,0,0,0
22134.58,WITHDRAWAL,Delhi,DEVICE004,12,30,1,0,0
11155.8,PAYMENT,Chennai,DEVICE006,5,8,0,0,0
11486.11,WITHDRAWAL,Dhule,DEVICE005,3,5,0,0,0
4932.11,DEPOSIT,Dhule,DEVICE003,7,30,0,1,0
44680.67,PAYMENT,Kolkata,DEVICE003,6,17,0,0,0
24134.28,PAYMENT,Ahmedabad,DEVICE003,13,17,0,1,1
31665.69,DEPOSIT,Chennai,DEVICE001,2,7,1,0,0
26558.89,DEPOSIT,Kolkata,DEVICE004,9,13,0,0,0
41469.9,PAYMENT,Dhule,DEVICE002,6,0,0,0,0
3035.64,DEPOSIT,Dhule,DEVICE008,1,27,1,0,0
6908.0,DEPOSIT,Nashik,DEVICE002,6,25,1,0,0
10434.63,PAYMENT,Hyderabad,DEVICE004,4,16,0,0,0
9239.94,TRANSFER,Bangalore,DEVICE006,9,20,0,0,0
37779.02,PAYMENT,Mumbai,DEVICE002,14,25,0,0,0
9347.02,PAYMENT,Mumbai,DEVICE008,21,12,0,1,0
14624.48,DEPOSIT,Bangalore,DEVICE002,13,9,1,0,0
45142.42,DEPOSIT,Hyderabad,DEVICE006,23,4,1,0,0
7189.59,TRANSFER,Kolkata,DEVICE004,15,5,0,0,1
3901.15,DEPOSIT,Pune,DEVICE007,19,3,0,1,0
16788.06,PAYMENT,Pune,DEVICE004,11,9,1,0,0
20035.06,TRANSFER,Delhi,DEVICE006,1,17,0,0,0
7879.43,PAYMENT,Dhule,DEVICE007,1,13,0,0,0
2692.26,PAYMENT,Hyderabad,DEVICE004,11,27,1,0,1
43708.44,PAYMENT,Delhi,DEVICE008,9,2,1,0,1
38032.8,PAYMENT,Hyderabad,DEVICE007,4,12,0,0,0
20669.07,WITHDRAWAL,Bangalore,DEVICE001,7,15,0,0,0
42442.42,PAYMENT,Dhule,DEVICE005,9,16,1,0,1
38837.04,PAYMENT,Ahmedabad,DEVICE001,9,6,0,0,0
10902.34,DEPOSIT,Delhi,DEVICE004,9,11,0,0,0
33571.4,WITHDRAWAL,Ahmedabad,DEVICE006,1,29,1,1,1
48465.8,PAYMENT,Dhule,DEVICE004,4,14,0,1,0
29093.43,TRANSFER,Bangalore,DEVICE008,3,0,0,1,1
48569.84,PAYMENT,Nashik,DEVICE005,23,11,0,0,0
46782.04,TRANSFER,Ahmedabad,DEVICE003,15,19,0,0,1
3543.98,DEPOSIT,Ahmedabad,DEVICE005,3,6,0,0,0
6242.19,PAYMENT,Chennai,DEVICE002,20,0,1,0,1
24510.62,PAYMENT,Dhule,DEVICE005,7,8,0,0,0
16446.39,TRANSFER,Kolkata,DEVICE001,19,21,0,0,0
7576.42,TRANSFER,Ahmedabad,DEVICE003,17,15,0,0,0
43392.41,TRANSFER,Delhi,DEVICE006,17,30,0,0,0
40075.63,PAYMENT,Kolkata,DEVICE008,6,19,0,1,0
39904.36,WITHDRAWAL,Chennai,DEVICE008,1,1,0,0,0
19300.29,PAYMENT,Ahmedabad,DEVICE006,18,17,0,0,0
42656.39,WITHDRAWAL,Delhi,DEVICE001,19,15,0,1,1
35532.75,TRANSFER,Chennai,DEVICE004,3,1,0,0,1
46809.55,TRANSFER,Delhi,DEVICE003,8,22,0,0,1
16804.47,PAYMENT,Pune,DEVICE005,7,29,0,0,0
47071.76,PAYMENT,Ahmedabad,DEVICE008,11,19,0,0,1
22180.11,DEPOSIT,Mumbai,DEVICE008,13,13,0,0,0
29885.06,PAYMENT,Ahmedabad,DEVICE004,5,21,0,0,0
433.25,PAYMENT,Kolkata,DEVICE008,3,26,0,0,1
18904.97,PAYMENT,Pune,DEVICE001,12,9,0,0,0
16655.77,PAYMENT,Kolkata,DEVICE003,16,21,1,0,0
12676.54,WITHDRAWAL,Chennai,DEVICE002,12,26,0,0,0
26043.93,TRANSFER,Mumbai,DEVICE008,13,10,1,1,1
13132.48,WITHDRAWAL,Bangalore,DEVICE005,11,29,0,0,0
41794.86,DEPOSIT,Mumbai,DEVICE003,10,26,0,0,0
33760.32,PAYMENT,Kolkata,DEVICE002,16,30,0,0,0
28645.39,PAYMENT,Mumbai,DEVICE001,11,4,1,1,0
13118.4,DEPOSIT,Delhi,DEVICE005,1,21,0,0,1
37155.36,PAYMENT,Bangalore,DEVICE006,19,8,1,0,1
42800.08,TRANSFER,Mumbai,DEVICE002,3,15,0,1,1
47690.76,PAYMENT,Ahmedabad,DEVICE005,22,30,0,0,0
32854.19,DEPOSIT,Nashik,DEVICE006,8,9,0,0,0
8164.59,DEPOSIT,Pune,DEVICE006,9,27,1,0,1
793.85,WITHDRAWAL,Bangalore,DEVICE008,8,14,0,0,0
21241.86,PAYMENT,Mumbai,DEVICE001,14,26,0,0,1
17595.66,WITHDRAWAL,Pune,DEVICE006,10,12,0,1,1
41757.55,DEPOSIT,Ahmedabad,DEVICE007,18,5,1,0,1
20044.09,PAYMENT,Ahmedabad,DEVICE002,15,7,1,0,0
32639.41,TRANSFER,Kolkata,DEVICE006,0,16,0,0,0
10259.12,WITHDRAWAL,Chennai,DEVICE006,1,18,0,1,1
40110.78,TRANSFER,Bangalore,DEVICE002,7,26,0,0,0
37492.73,WITHDRAWAL,Mumbai,DEVICE004,12,1,0,0,1
15254.02,PAYMENT,Dhule,DEVICE003,22,24,0,0,1
40302.27,DEPOSIT,Hyderabad,DEVICE004,2,30,1,0,1
19858.58,DEPOSIT,Delhi,DEVICE003,19,7,0,0,0
34688.49,PAYMENT,Chennai,DEVICE008,8,21,0,0,0
6028.84,WITHDRAWAL,Kolkata,DEVICE004,10,14,0,0,0
36433.04,TRANSFER,Delhi,DEVICE003,14,0,0,1,1
27205.83,DEPOSIT,Hyderabad,DEVICE004,3,2,1,0,1
13782.47,PAYMENT,Mumbai,DEVICE004,19,2,1,0,0
35107.69,DEPOSIT,Nashik,DEVICE002,0,15,0,0,0
27437.42,PAYMENT,Hyderabad,DEVICE005,20,7,1,0,0
10219.43,PAYMENT,Dhule,DEVICE007,17,14,0,0,0
25128.56,DEPOSIT,Nashik,DEVICE004,9,29,0,1,1
34791.97,TRANSFER,Delhi,DEVICE001,10,29,0,0,0
22807.52,WITHDRAWAL,Ahmedabad,DEVICE001,2,0,0,0,1
13178.29,DEPOSIT,Mumbai,DEVICE001,0,4,0,0,0
37760.07,DEPOSIT,Hyderabad,DEVICE004,12,24,0,0,0
169.87,DEPOSIT,Bangalore,DEVICE008,15,20,0,0,0
18155.42,TRANSFER,Pune,DEVICE001,8,11,0,0,1
2261.22,TRANSFER,Mumbai,DEVICE007,22,13,0,0,0
15280.87,WITHDRAWAL,Pune,DEVICE008,10,5,0,1,0
27690.3,DEPOSIT,Mumbai,DEVICE005,17,22,0,1,0
48260.92,WITHDRAWAL,Hyderabad,DEVICE008,23,22,0,1,1
32564.97,WITHDRAWAL,Ahmedabad,DEVICE006,8,12,0,0,0
44949.91,PAYMENT,Bangalore,DEVICE001,14,21,0,0,1
26090.12,WITHDRAWAL,Hyderabad,DEVICE001,16,11,0,1,0
7947.75,PAYMENT,Delhi,DEVICE007,12,19,1,0,0
32003.08,TRANSFER,Dhule,DEVICE002,23,9,0,0,0
22982.55,PAYMENT,Bangalore,DEVICE002,12,16,0,0,0
46968.75,TRANSFER,Kolkata,DEVICE005,22,2,0,0,1
7288.15,DEPOSIT,Delhi,DEVICE004,3,10,0,0,0
25848.85,TRANSFER,Chennai,DEVICE004,13,23,0,0,0
9642.56,TRANSFER,Nashik,DEVICE002,14,9,0,0,0
49003.77,PAYMENT,Pune,DEVICE004,10,1,0,0,0
17513.25,WITHDRAWAL,Chennai,DEVICE005,5,8,0,0,0
12486.59,DEPOSIT,Dhule,DEVICE003,21,2,1,0,1
38375.1,PAYMENT,Dhule,DEVICE002,21,23,0,1,0
8170.66,DEPOSIT,Nashik,DEVICE006,19,14,0,0,0
14286.98,DEPOSIT,Kolkata,DEVICE003,9,22,0,0,0
45799.76,DEPOSIT,Bangalore,DEVICE004,18,16,1,0,0
34008.79,WITHDRAWAL,Delhi,DEVICE005,6,15,1,0,0
17741.17,TRANSFER,Bangalore,DEVICE006,3,4,1,0,0
23598.69,TRANSFER,Kolkata,DEVICE004,9,12,0,0,0
14982.97,TRANSFER,Pune,DEVICE008,2,28,0,0,0
43750.69,DEPOSIT,Pune,DEVICE006,20,2,0,0,1
13243.31,TRANSFER,Nashik,DEVICE006,20,27,0,1,0
36340.37,TRANSFER,Bangalore,DEVICE004,11,15,0,0,0
15008.64,WITHDRAWAL,Mumbai,DEVICE005,14,28,0,1,1
41033.08,PAYMENT,Chennai,DEVICE006,4,1,0,0,0
38984.48,TRANSFER,Ahmedabad,DEVICE007,2,19,0,0,0
8505.4,PAYMENT,Pune,DEVICE004,20,17,0,0,0
8133.85,WITHDRAWAL,Bangalore,DEVICE002,14,10,0,0,0
8666.84,DEPOSIT,Dhule,DEVICE007,23,3,0,0,0
35136.5,WITHDRAWAL,Kolkata,DEVICE007,21,15,0,1,0
20380.76,PAYMENT,Chennai,DEVICE005,3,26,0,0,0
30231.21,DEPOSIT,Kolkata,DEVICE008,8,3,0,0,0
19614.9,PAYMENT,Bangalore,DEVICE002,22,19,1,0,0
48007.97,TRANSFER,Delhi,DEVICE001,5,10,0,0,0
35184.21,WITHDRAWAL,Pune,DEVICE008,12,9,0,1,1
41347.58,WITHDRAWAL,Bangalore,DEVICE001,16,17,0,0,0
48547.81,WITHDRAWAL,Nashik,DEVICE007,13,4,0,1,1
28739.88,TRANSFER,Nashik,DEVICE005,23,11,0,0,0
39522.78,WITHDRAWAL,Delhi,DEVICE005,20,26,0,0,0
41974.14,DEPOSIT,Delhi,DEVICE001,11,7,1,0,1
22902.46,DEPOSIT,Mumbai,DEVICE006,9,18,1,1,1
30989.28,WITHDRAWAL,Bangalore,DEVICE003,4,1,1,0,0
32535.95,PAYMENT,Nashik,DEVICE004,17,16,0,0,0
27750.84,TRANSFER,Delhi,DEVICE007,17,20,0,0,0
35380.84,DEPOSIT,Chennai,DEVICE007,15,28,1,0,1
13029.63,PAYMENT,Pune,DEVICE006,15,22,1,0,1
43211.89,PAYMENT,Hyderabad,DEVICE005,5,8,0,0,0
12080.01,TRANSFER,Kolkata,DEVICE008,21,12,0,0,0
35856.65,DEPOSIT,Bangalore,DEVICE002,4,19,0,0,0
28350.12,PAYMENT,Hyderabad,DEVICE006,8,15,0,0,0
46937.45,WITHDRAWAL,Nashik,DEVICE006,16,30,0,0,1
44716.05,PAYMENT,Chennai,DEVICE008,21,25,0,0,1
30958.64,TRANSFER,Ahmedabad,DEVICE004,22,17,0,0,0
125.31,WITHDRAWAL,Nashik,DEVICE002,18,28,0,1,0
20349.22,TRANSFER,Nashik,DEVICE002,7,15,0,0,0
47017.09,TRANSFER,Nashik,DEVICE008,20,14,1,0,1
245.62,DEPOSIT,Chennai,DEVICE005,8,4,1,0,0
40757.04,TRANSFER,Kolkata,DEVICE004,13,22,1,0,1
10578.06,DEPOSIT,Bangalore,DEVICE004,23,1,0,1,0
18973.23,DEPOSIT,Pune,DEVICE006,0,0,0,0,0
10434.11,DEPOSIT,Kolkata,DEVICE006,7,13,0,0,0
25629.64,PAYMENT,Kolkata,DEVICE005,10,25,0,0,0
46256.91,TRANSFER,Bangalore,DEVICE008,0,1,1,1,1
13186.92,WITHDRAWAL,Chennai,DEVICE001,2,8,0,0,0
14760.09,PAYMENT,Delhi,DEVICE007,12,19,0,0,0
27372.7,DEPOSIT,Nashik,DEVICE008,1,1,0,0,1
39459.35,TRANSFER,Delhi,DEVICE002,16,20,1,0,0
34660.28,WITHDRAWAL,Nashik,DEVICE003,16,12,0,0,0
39871.83,WITHDRAWAL,Hyderabad,DEVICE005,12,4,0,1,0
43465.04,TRANSFER,Kolkata,DEVICE001,1,7,0,1,1
15148.91,PAYMENT,Mumbai,DEVICE006,12,23,0,0,0
461.26,WITHDRAWAL,Mumbai,DEVICE008,13,16,0,0,0
29369.46,WITHDRAWAL,Delhi,DEVICE001,2,23,0,0,0
35016.53,DEPOSIT,Chennai,DEVICE006,13,9,0,0,0
13829.07,PAYMENT,Bangalore,DEVICE001,8,27,0,0,0
7260.47,PAYMENT,Mumbai,DEVICE003,2,21,1,1,1
43521.68,PAYMENT,Hyderabad,DEVICE006,9,23,0,0,0
3150.27,WITHDRAWAL,Ahmedabad,DEVICE008,5,20,0,0,0
25573.44,TRANSFER,Mumbai,DEVICE004,14,21,0,0,0
27430.53,PAYMENT,Pune,DEVICE001,23,26,1,0,0
45084.05,PAYMENT,Pune,DEVICE007,13,25,0,0,1
7163.35,DEPOSIT,Nashik,DEVICE004,9,18,0,0,0
16898.67,PAYMENT,Delhi,DEVICE002,14,0,1,0,1
38803.87,DEPOSIT,Chennai,DEVICE007,11,19,0,0,0
45457.9,TRANSFER,Dhule,DEVICE002,16,22,0,0,0
15830.6,TRANSFER,Nashik,DEVICE006,16,10,0,0,0
3195.44,WITHDRAWAL,Hyderabad,DEVICE001,3,9,1,0,0
12401.75,TRANSFER,Nashik,DEVICE003,22,20,0,0,0
38965.65,WITHDRAWAL,Delhi,DEVICE008,3,16,0,0,0
8799.09,TRANSFER,Chennai,DEVICE006,10,13,0,0,0
23191.58,WITHDRAWAL,Nashik,DEVICE002,13,16,0,0,0
39979.17,TRANSFER,Chennai,DEVICE006,12,5,1,1,1
2183.7,PAYMENT,Nashik,DEVICE001,6,26,0,0,0
44263.2,PAYMENT,Pune,DEVICE008,9,23,1,0,0
4894.3,WITHDRAWAL,Dhule,DEVICE004,2,19,0,0,1
10177.05,TRANSFER,Delhi,DEVICE001,13,13,0,0,0
37935.12,TRANSFER,Pune,DEVICE008,2,8,0,0,1
30414.33,DEPOSIT,Pune,DEVICE001,9,9,0,0,0
10929.84,PAYMENT,Bangalore,DEVICE007,17,3,1,0,0
17876.74,WITHDRAWAL,Kolkata,DEVICE007,6,9,0,1,0
45426.29,DEPOSIT,Bangalore,DEVICE006,4,8,0,0,1
8405.99,TRANSFER,Hyderabad,DEVICE003,12,26,0,0,0
32267.81,DEPOSIT,Mumbai,DEVICE001,10,27,0,1,0
22173.41,PAYMENT,Pune,DEVICE007,19,8,1,0,0
12084.15,WITHDRAWAL,Dhule,DEVICE005,18,5,0,0,0
31403.73,WITHDRAWAL,Delhi,DEVICE002,21,2,1,0,0
34702.23,TRANSFER,Hyderabad,DEVICE008,11,0,0,0,0
3018.08,WITHDRAWAL,Kolkata,DEVICE008,20,14,0,1,1
45151.36,TRANSFER,Dhule,DEVICE007,2,28,0,0,0
33603.22,TRANSFER,Dhule,DEVICE005,10,23,0,0,0
9193.93,PAYMENT,Ahmedabad,DEVICE007,5,15,0,0,0
34782.45,WITHDRAWAL,Hyderabad,DEVICE001,13,0,0,0,0
29746.35,PAYMENT,Delhi,DEVICE006,16,25,0,1,1
32041.04,WITHDRAWAL,Mumbai,DEVICE007,23,26,1,0,0
29827.87,DEPOSIT,Chennai,DEVICE007,1,11,0,1,1
3609.98,TRANSFER,Dhule,DEVICE002,6,26,0,0,0
44767.84,WITHDRAWAL,Mumbai,DEVICE002,12,1,0,0,0
18101.22,WITHDRAWAL,Delhi,DEVICE007,4,11,0,0,0
16311.5,PAYMENT,Nashik,DEVICE007,19,20,0,1,0
46034.63,WITHDRAWAL,Chennai,DEVICE002,17,1,0,1,1
17399.83,PAYMENT,Ahmedabad,DEVICE007,13,16,0,0,0
45972.85,DEPOSIT,Dhule,DEVICE004,5,30,0,0,0
29086.76,TRANSFER,Chennai,DEVICE008,3,10,0,0,1
28517.52,TRANSFER,Dhule,DEVICE008,11,12,0,0,0
21268.81,PAYMENT,Nashik,DEVICE004,20,24,0,0,0
43637.41,TRANSFER,Nashik,DEVICE006,3,14,0,0,0
39370.25,DEPOSIT,Dhule,DEVICE008,17,21,0,1,1
37963.18,PAYMENT,Ahmedabad,DEVICE003,11,7,0,1,1
48631.81,WITHDRAWAL,Mumbai,DEVICE008,17,20,0,0,0
22609.32,DEPOSIT,Mumbai,DEVICE005,12,4,0,1,0
27896.5,WITHDRAWAL,Kolkata,DEVICE006,2,13,0,1,0
49902.15,WITHDRAWAL,Hyderabad,DEVICE006,12,22,0,0,0
49174.74,DEPOSIT,Bangalore,DEVICE005,2,16,0,0,0
17178.02,TRANSFER,Bangalore,DEVICE001,8,4,0,1,1
9331.87,WITHDRAWAL,Chennai,DEVICE008,10,12,1,0,0
431.51,TRANSFER,Kolkata,DEVICE008,22,15,0,0,0
36610.33,TRANSFER,Chennai,DEVICE005,9,14,0,1,0
47190.61,WITHDRAWAL,Dhule,DEVICE006,8,30,0,0,1
26234.6,PAYMENT,Pune,DEVICE006,19,18,0,1,1
44203.28,TRANSFER,Mumbai,DEVICE004,1,18,0,0,1
47586.51,WITHDRAWAL,Kolkata,DEVICE006,2,25,0,0,0
19278.84,WITHDRAWAL,Pune,DEVICE002,10,14,1,0,1
38214.4,WITHDRAWAL,Dhule,DEVICE002,18,24,0,1,0
30027.39,DEPOSIT,Chennai,DEVICE004,6,27,0,0,0
34394.32,DEPOSIT,Nashik,DEVICE008,15,6,0,0,0
48534.94,DEPOSIT,Bangalore,DEVICE003,20,26,1,0,1
5672.64,WITHDRAWAL,Delhi,DEVICE007,1,12,0,0,0
19450.25,PAYMENT,Dhule,DEVICE007,20,27,1,0,0
27374.85,PAYMENT,Ahmedabad,DEVICE003,18,0,0,0,0
22419.54,PAYMENT,Delhi,DEVICE005,12,14,0,0,0
15235.69,PAYMENT,Pune,DEVICE006,9,6,1,0,0
41690.0,TRANSFER,Hyderabad,DEVICE001,11,20,0,0,0
37284.05,PAYMENT,Hyderabad,DEVICE005,20,15,0,0,0
3088.19,PAYMENT,Pune,DEVICE007,2,27,0,0,0
341.53,TRANSFER,Bangalore,DEVICE002,7,30,0,0,1
38576.23,PAYMENT,Pune,DEVICE002,19,26,0,0,0
12203.1,PAYMENT,Mumbai,DEVICE006,6,25,0,0,0
33933.06,DEPOSIT,Kolkata,DEVICE006,22,23,0,0,0
31171.58,WITHDRAWAL,Hyderabad,DEVICE005,6,1,0,0,0
1945.26,TRANSFER,Pune,DEVICE005,3,22,0,0,0
36786.47,WITHDRAWAL,Kolkata,DEVICE008,16,1,0,1,0
7861.24,DEPOSIT,Pune,DEVICE004,23,12,1,1,0
27611.06,TRANSFER,Hyderabad,DEVICE003,5,5,1,0,1
20870.08,PAYMENT,Hyderabad,DEVICE006,14,23,1,1,0
7520.16,TRANSFER,Hyderabad,DEVICE005,18,12,0,0,0
10838.44,PAYMENT,Pune,DEVICE001,9,27,0,0,0
13684.77,WITHDRAWAL,Nashik,DEVICE003,9,5,1,0,1
7751.97,PAYMENT,Hyderabad,DEVICE008,16,18,0,0,0
41728.22,TRANSFER,Delhi,DEVICE008,13,6,0,1,1
27846.13,TRANSFER,Kolkata,DEVICE001,21,19,0,1,1
8482.42,DEPOSIT,Mumbai,DEVICE005,10,10,0,1,0
13935.6,TRANSFER,Dhule,DEVICE006,14,18,0,0,0
11057.36,DEPOSIT,Bangalore,DEVICE003,6,27,0,0,0
4982.81,PAYMENT,Mumbai,DEVICE001,22,30,1,0,0
33565.33,PAYMENT,Mumbai,DEVICE001,5,18,0,1,0
40250.85,DEPOSIT,Bangalore,DEVICE003,13,7,0,0,1
23328.91,PAYMENT,Kolkata,DEVICE004,19,10,0,0,0
19219.34,PAYMENT,Nashik,DEVICE005,6,4,1,0,1
19783.85,DEPOSIT,Bangalore,DEVICE006,21,17,0,1,0
1240.44,WITHDRAWAL,Kolkata,DEVICE002,20,19,0,1,0
48721.35,WITHDRAWAL,Bangalore,DEVICE008,17,2,0,0,1
23773.58,PAYMENT,Delhi,DEVICE005,2,30,0,0,0
14272.06,DEPOSIT,Pune,DEVICE004,15,16,0,0,0
15860.8,DEPOSIT,Pune,DEVICE007,21,20,1,0,0
3976.51,TRANSFER,Chennai,DEVICE002,1,29,0,0,1
35414.23,PAYMENT,Nashik,DEVICE002,11,7,0,0,0
11257.57,TRANSFER,Dhule,DEVICE006,5,16,0,0,0
45693.16,WITHDRAWAL,Dhule,DEVICE007,1,8,0,1,1
41910.38,WITHDRAWAL,Kolkata,DEVICE002,11,22,0,0,0
33522.65,PAYMENT,Bangalore,DEVICE003,8,22,0,0,0
21757.91,TRANSFER,Kolkata,DEVICE004,9,20,0,0,0
33887.38,PAYMENT,Nashik,DEVICE007,17,2,0,0,0
46728.9,TRANSFER,Delhi,DEVICE003,23,15,0,0,0
49342.13,DEPOSIT,Kolkata,DEVICE005,1,24,0,0,0
12565.24,TRANSFER,Bangalore,DEVICE006,9,10,0,0,0
11255.44,PAYMENT,Delhi,DEVICE002,12,16,0,0,0
36564.73,WITHDRAWAL,Pune,DEVICE001,19,23,0,0,0
6618.25,WITHDRAWAL,Ahmedabad,DEVICE004,7,3,0,1,1
36201.74,DEPOSIT,Kolkata,DEVICE003,10,10,1,1,0
36448.58,WITHDRAWAL,Nashik,DEVICE007,9,13,1,0,0
6205.07,WITHDRAWAL,Bangalore,DEVICE005,15,1,0,0,0
6213.69,DEPOSIT,Chennai,DEVICE004,21,28,0,0,0
24457.48,TRANSFER,Nashik,DEVICE003,13,4,0,0,0
25118.05,WITHDRAWAL,Hyderabad,DEVICE004,5,0,0,0,0
18128.22,DEPOSIT,Chennai,DEVICE004,14,2,0,0,0
31102.09,DEPOSIT,Delhi,DEVICE002,8,27,1,1,0
20437.7,DEPOSIT,Chennai,DEVICE003,8,19,0,1,0
38786.77,TRANSFER,Ahmedabad,DEVICE007,16,14,0,1,0
23193.2,WITHDRAWAL,Dhule,DEVICE006,9,24,0,0,0
32330.17,DEPOSIT,Pune,DEVICE005,13,10,0,0,0
11369.56,DEPOSIT,Hyderabad,DEVICE007,6,10,0,0,0
32808.11,TRANSFER,Delhi,DEVICE005,21,20,0,0,0
46000.67,DEPOSIT,Mumbai,DEVICE007,3,23,1,0,1
18518.61,DEPOSIT,Dhule,DEVICE003,17,4,1,0,0
17973.44,WITHDRAWAL,Ahmedabad,DEVICE008,19,4,0,0,0
4397.87,WITHDRAWAL,Mumbai,DEVICE008,0,16,1,0,1
9348.6,TRANSFER,Dhule,DEVICE006,17,22,0,0,0
17346.81,DEPOSIT,Chennai,DEVICE002,9,19,0,0,0
33143.24,PAYMENT,Mumbai,DEVICE001,9,19,1,0,0
37873.61,WITHDRAWAL,Chennai,DEVICE008,12,15,0,0,0
25083.92,DEPOSIT,Bangalore,DEVICE001,1,24,0,1,1
40288.98,TRANSFER,Bangalore,DEVICE001,8,26,1,0,1
16874.12,PAYMENT,Mumbai,DEVICE007,18,9,0,0,0
34890.82,WITHDRAWAL,Pune,DEVICE002,16,25,0,0,0
9345.7,PAYMENT,Ahmedabad,DEVICE002,10,20,0,0,1
10584.55,DEPOSIT,Delhi,DEVICE004,13,15,0,0,0
24259.3,DEPOSIT,Kolkata,DEVICE007,7,15,0,0,0
10406.31,DEPOSIT,Bangalore,DEVICE007,0,15,0,1,0
11281.32,DEPOSIT,Delhi,DEVICE005,21,10,0,0,0
46009.44,DEPOSIT,Bangalore,DEVICE008,17,30,0,0,0
5894.0,DEPOSIT,Chennai,DEVICE001,12,30,0,0,0
46772.31,TRANSFER,Ahmedabad,DEVICE006,11,20,1,0,0
31501.48,PAYMENT,Chennai,DEVICE002,3,29,0,0,0
16514.04,PAYMENT,Hyderabad,DEVICE008,23,17,1,0,1
17562.17,WITHDRAWAL,Delhi,DEVICE001,16,0,0,0,0
26382.78,TRANSFER,Kolkata,DEVICE004,17,27,0,0,0
39289.43,DEPOSIT,Ahmedabad,DEVICE003,10,29,0,0,0
37251.18,WITHDRAWAL,Pune,DEVICE004,9,26,0,0,0
36518.58,WITHDRAWAL,Pune,DEVICE006,12,15,1,0,0
47042.14,DEPOSIT,Pune,DEVICE007,9,29,0,0,1
44628.37,PAYMENT,Chennai,DEVICE003,0,19,0,0,1
3548.34,WITHDRAWAL,Ahmedabad,DEVICE008,22,16,0,0,0
26804.83,TRANSFER,Ahmedabad,DEVICE001,13,1,0,0,0
43414.41,PAYMENT,Chennai,DEVICE003,23,3,0,0,1
22612.97,WITHDRAWAL,Mumbai,DEVICE006,13,22,0,0,0
37813.6,WITHDRAWAL,Bangalore,DEVICE002,17,8,0,0,0
12080.33,TRANSFER,Pune,DEVICE004,21,5,0,0,0
41017.92,WITHDRAWAL,Delhi,DEVICE004,2,30,1,0,1
23436.73,PAYMENT,Chennai,DEVICE003,21,26,0,0,0
13973.45,PAYMENT,Dhule,DEVICE008,16,30,0,0,0
28229.85,PAYMENT,Chennai,DEVICE005,7,20,0,0,0
10321.39,PAYMENT,Delhi,DEVICE006,10,17,0,0,0
48940.74,DEPOSIT,Chennai,DEVICE004,17,3,0,1,1
6267.73,PAYMENT,Chennai,DEVICE005,4,19,1,0,1
37103.53,WITHDRAWAL,Ahmedabad,DEVICE004,19,21,0,0,0
36487.59,DEPOSIT,Ahmedabad,DEVICE003,10,26,0,0,0
654.13,DEPOSIT,Pune,DEVICE001,7,7,0,0,0
25870.68,PAYMENT,Pune,DEVICE006,18,14,0,0,0
45679.59,WITHDRAWAL,Nashik,DEVICE007,21,29,0,0,1
36254.18,DEPOSIT,Pune,DEVICE007,1,14,0,0,0
10082.29,TRANSFER,Bangalore,DEVICE001,2,18,0,1,0
29946.52,DEPOSIT,Dhule,DEVICE008,19,1,0,0,0
28858.41,WITHDRAWAL,Hyderabad,DEVICE001,5,5,0,0,0
28257.1,PAYMENT,Ahmedabad,DEVICE008,3,4,0,0,0
2830.44,PAYMENT,Mumbai,DEVICE008,13,13,0,0,0
34264.05,TRANSFER,Kolkata,DEVICE008,20,26,0,0,0
24389.93,PAYMENT,Mumbai,DEVICE001,19,17,1,0,0
9815.71,PAYMENT,Dhule,DEVICE005,6,18,0,0,0
22364.13,TRANSFER,Dhule,DEVICE003,22,27,0,0,0
39488.62,DEPOSIT,Kolkata,DEVICE008,23,14,0,0,0
14236.97,WITHDRAWAL,Mumbai,DEVICE008,13,24,0,0,0
45116.62,TRANSFER,Mumbai,DEVICE003,7,1,0,0,1
47331.03,DEPOSIT,Mumbai,DEVICE006,9,23,0,0,0
24465.99,DEPOSIT,Kolkata,DEVICE007,12,15,1,0,1
15117.96,TRANSFER,Pune,DEVICE001,11,8,1,0,1
47986.89,WITHDRAWAL,Chennai,DEVICE004,2,25,0,1,1
36352.76,WITHDRAWAL,Mumbai,DEVICE008,19,16,0,1,1
26345.57,PAYMENT,Bangalore,DEVICE001,5,15,0,0,0
29149.8,DEPOSIT,Pune,DEVICE001,6,25,0,0,1
19988.42,WITHDRAWAL,Kolkata,DEVICE002,4,12,0,0,0
23581.3,PAYMENT,Mumbai,DEVICE003,21,8,1,0,0
21093.43,DEPOSIT,Bangalore,DEVICE007,19,19,0,1,0
18114.96,DEPOSIT,Chennai,DEVICE007,11,29,0,0,0
41175.01,PAYMENT,Bangalore,DEVICE002,10,12,0,0,0
24408.71,DEPOSIT,Mumbai,DEVICE002,22,3,0,0,0
31688.34,WITHDRAWAL,Kolkata,DEVICE008,0,21,0,0,1
17194.11,PAYMENT,Kolkata,DEVICE005,10,8,0,0,0
45141.86,PAYMENT,Dhule,DEVICE004,1,1,0,1,1
35189.07,WITHDRAWAL,Hyderabad,DEVICE008,14,15,0,0,0
20798.81,PAYMENT,Chennai,DEVICE006,16,28,0,0,0
22288.64,TRANSFER,Delhi,DEVICE007,10,1,0,0,1
17026.71,WITHDRAWAL,Ahmedabad,DEVICE008,7,24,0,0,0
37800.18,PAYMENT,Mumbai,DEVICE002,6,25,0,0,0
3796.05,PAYMENT,Hyderabad,DEVICE006,16,19,0,1,0
249.82,PAYMENT,Dhule,DEVICE006,9,26,0,0,0
38781.86,DEPOSIT,Kolkata,DEVICE007,4,10,0,0,0
10223.59,DEPOSIT,Hyderabad,DEVICE004,16,6,0,1,1
45833.34,PAYMENT,Pune,DEVICE001,2,16,0,0,1
39783.52,WITHDRAWAL,Mumbai,DEVICE003,3,20,0,0,0
35150.49,PAYMENT,Ahmedabad,DEVICE003,11,28,0,1,0
26186.62,PAYMENT,Mumbai,DEVICE001,11,28,1,0,0
4219.87,PAYMENT,Dhule,DEVICE004,14,17,1,0,0
1356.39,PAYMENT,Bangalore,DEVICE004,3,14,1,0,0
49392.49,WITHDRAWAL,Dhule,DEVICE002,1,19,0,1,1
48545.03,WITHDRAWAL,Pune,DEVICE003,19,22,0,0,0
23842.29,WITHDRAWAL,Pune,DEVICE007,3,6,0,0,0
17451.15,DEPOSIT,Nashik,DEVICE006,6,3,0,1,0
11486.32,TRANSFER,Pune,DEVICE004,9,21,1,0,0
25513.83,DEPOSIT,Kolkata,DEVICE001,4,0,0,0,0
44511.9,PAYMENT,Ahmedabad,DEVICE006,7,7,0,0,1
8579.32,TRANSFER,Bangalore,DEVICE006,22,30,1,0,0
12113.69,WITHDRAWAL,Hyderabad,DEVICE003,1,2,0,0,1
23289.64,DEPOSIT,Nashik,DEVICE005,16,2,0,0,0
43593.2,PAYMENT,Mumbai,DEVICE002,16,21,0,0,1
11249.8,WITHDRAWAL,Delhi,DEVICE006,11,9,0,0,0
21309.6,TRANSFER,Kolkata,DEVICE003,23,24,0,0,0
22706.83,TRANSFER,Delhi,DEVICE005,3,1,0,0,1
25028.52,PAYMENT,Pune,DEVICE002,2,13,0,0,0
43186.48,DEPOSIT,Mumbai,DEVICE006,1,11,0,0,1
3622.51,PAYMENT,Ahmedabad,DEVICE001,2,29,0,1,1
4525.24,WITHDRAWAL,Pune,DEVICE004,20,27,0,1,1
18678.4,DEPOSIT,Pune,DEVICE006,0,24,0,0,0
18765.34,PAYMENT,Hyderabad,DEVICE006,21,23,0,0,0
31663.8,TRANSFER,Hyderabad,DEVICE006,0,19,1,0,0
16124.2,TRANSFER,Pune,DEVICE004,9,9,0,1,0
17972.15,PAYMENT,Kolkata,DEVICE004,14,17,0,0,0
17323.6,WITHDRAWAL,Nashik,DEVICE005,11,15,0,0,0
7234.65,PAYMENT,Kolkata,DEVICE003,4,12,0,1,1
11977.2,DEPOSIT,Bangalore,DEVICE003,12,30,0,0,0
31531.58,WITHDRAWAL,Kolkata,DEVICE001,3,22,0,1,1
43982.03,DEPOSIT,Nashik,DEVICE005,12,17,1,0,1
14555.67,WITHDRAWAL,Ahmedabad,DEVICE007,5,19,0,0,0
28219.15,DEPOSIT,Chennai,DEVICE005,8,18,0,1,0
21232.02,PAYMENT,Bangalore,DEVICE005,18,27,0,0,0
24215.58,TRANSFER,Delhi,DEVICE002,17,23,0,0,0
13180.81,PAYMENT,Pune,DEVICE003,9,17,0,0,0
47761.23,DEPOSIT,Chennai,DEVICE005,22,21,1,0,0
41380.16,DEPOSIT,Dhule,DEVICE003,1,11,0,0,0
4516.92,PAYMENT,Dhule,DEVICE005,4,19,0,0,1
45103.94,TRANSFER,Chennai,DEVICE005,22,7,0,0,1
41721.89,TRANSFER,Pune,DEVICE007,19,17,0,0,0
8567.61,TRANSFER,Delhi,DEVICE004,8,27,1,0,0
15889.85,WITHDRAWAL,Nashik,DEVICE001,1,19,1,1,1
35073.27,TRANSFER,Chennai,DEVICE006,22,20,0,0,0
22819.64,TRANSFER,Dhule,DEVICE003,21,26,0,0,0
3928.33,WITHDRAWAL,Bangalore,DEVICE004,22,11,0,0,0
46883.94,DEPOSIT,Nashik,DEVICE005,21,15,1,0,0
32348.01,TRANSFER,Hyderabad,DEVICE004,16,8,1,0,1
8934.67,DEPOSIT,Nashik,DEVICE002,21,1,0,1,0
16070.09,WITHDRAWAL,Delhi,DEVICE004,10,13,0,0,0
32038.28,TRANSFER,Hyderabad,DEVICE001,5,7,0,0,0
6581.03,DEPOSIT,Hyderabad,DEVICE005,23,1,0,0,1
48355.13,PAYMENT,Delhi,DEVICE004,2,1,1,1,1
35258.71,TRANSFER,Ahmedabad,DEVICE006,8,23,1,0,0
25445.98,PAYMENT,Ahmedabad,DEVICE003,16,10,0,0,0
36930.98,TRANSFER,Kolkata,DEVICE002,18,4,0,0,0
1186.87,WITHDRAWAL,Ahmedabad,DEVICE007,6,13,0,1,0
12805.1,TRANSFER,Bangalore,DEVICE007,6,22,1,0,0
20073.65,DEPOSIT,Chennai,DEVICE005,9,25,0,0,0
5430.7,WITHDRAWAL,Chennai,DEVICE006,12,28,0,0,0
6748.27,PAYMENT,Kolkata,DEVICE003,23,19,0,0,0
33770.61,TRANSFER,Mumbai,DEVICE007,21,15,1,1,1
49412.17,PAYMENT,Nashik,DEVICE006,9,24,0,0,0
45131.9,WITHDRAWAL,Hyderabad,DEVICE003,11,30,0,0,1
17636.92,PAYMENT,Mumbai,DEVICE004,5,19,0,1,1
6138.96,TRANSFER,Delhi,DEVICE002,11,0,1,0,1
31153.05,DEPOSIT,Pune,DEVICE006,15,2,0,0,1
42077.31,PAYMENT,Ahmedabad,DEVICE001,14,28,1,0,1
14115.71,WITHDRAWAL,Ahmedabad,DEVICE003,0,25,1,0,0
3628.44,PAYMENT,Mumbai,DEVICE001,16,9,1,0,0
35817.12,WITHDRAWAL,Kolkata,DEVICE007,10,9,1,0,0
17793.82,TRANSFER,Nashik,DEVICE007,14,2,0,1,0
1217.55,TRANSFER,Kolkata,DEVICE002,23,3,0,0,0
44560.34,TRANSFER,Kolkata,DEVICE001,16,10,0,1,1
10927.87,TRANSFER,Hyderabad,DEVICE005,3,2,0,0,0
14715.55,PAYMENT,Chennai,DEVICE003,7,26,1,0,0
4649.96,TRANSFER,Pune,DEVICE007,13,21,0,0,0
48692.58,TRANSFER,Kolkata,DEVICE006,4,25,0,0,0
39996.93,PAYMENT,Pune,DEVICE004,10,23,0,1,1
24203.18,PAYMENT,Hyderabad,DEVICE008,18,29,0,1,0
21759.99,DEPOSIT,Bangalore,DEVICE004,20,14,0,0,0
31779.6,PAYMENT,Pune,DEVICE002,9,27,0,0,0
44897.53,TRANSFER,Delhi,DEVICE007,23,28,0,0,1
7555.22,WITHDRAWAL,Mumbai,DEVICE005,15,9,0,0,0
6531.75,TRANSFER,Bangalore,DEVICE006,20,3,0,0,0
42327.58,PAYMENT,Bangalore,DEVICE003,1,27,0,0,0
45630.37,PAYMENT,Hyderabad,DEVICE005,7,22,0,0,0
6058.5,WITHDRAWAL,Ahmedabad,DEVICE003,20,14,1,0,0
31715.53,WITHDRAWAL,Pune,DEVICE005,21,13,1,0,0
45235.83,TRANSFER,Chennai,DEVICE001,17,21,0,0,0
18479.4,PAYMENT,Nashik,DEVICE003,1,30,1,0,0
26142.93,DEPOSIT,Delhi,DEVICE002,8,6,1,0,0
13778.15,TRANSFER,Dhule,DEVICE001,6,8,0,0,0
5769.75,WITHDRAWAL,Pune,DEVICE006,5,13,0,1,0
42987.7,TRANSFER,Dhule,DEVICE001,5,13,0,0,0
24804.45,PAYMENT,Dhule,DEVICE003,19,29,1,0,1
13988.72,WITHDRAWAL,Kolkata,DEVICE004,12,9,0,1,0
43962.59,TRANSFER,Bangalore,DEVICE006,21,10,0,0,1
12747.85,DEPOSIT,Kolkata,DEVICE008,11,4,0,0,0
27224.34,DEPOSIT,Pune,DEVICE008,0,2,1,0,0
44795.32,TRANSFER,Chennai,DEVICE004,10,21,0,0,0
22283.56,WITHDRAWAL,Chennai,DEVICE002,21,12,1,0,1
43730.98,PAYMENT,Chennai,DEVICE002,17,28,0,0,1
32173.27,DEPOSIT,Chennai,DEVICE006,1,13,0,1,0
23062.17,DEPOSIT,Hyderabad,DEVICE003,15,1,0,0,0
30670.14,PAYMENT,Chennai,DEVICE001,14,13,0,0,0
41846.62,PAYMENT,Bangalore,DEVICE002,9,14,0,0,1
12071.52,PAYMENT,Delhi,DEVICE004,1,27,1,0,1
1809.03,PAYMENT,Ahmedabad,DEVICE005,8,23,0,0,0
23656.18,TRANSFER,Ahmedabad,DEVICE004,12,1,1,0,0
47946.9,PAYMENT,Hyderabad,DEVICE006,19,22,0,1,1
20757.65,TRANSFER,Chennai,DEVICE004,16,2,0,0,1
6373.04,WITHDRAWAL,Hyderabad,DEVICE001,22,12,0,0,0
29644.95,TRANSFER,Nashik,DEVICE007,13,10,0,0,0
19114.74,TRANSFER,Pune,DEVICE007,16,26,1,1,1
4952.52,DEPOSIT,Hyderabad,DEVICE004,23,13,0,0,0
8997.32,DEPOSIT,Hyderabad,DEVICE008,16,28,1,0,0
48132.96,TRANSFER,Pune,DEVICE002,1,8,1,0,1
39567.36,PAYMENT,Ahmedabad,DEVICE003,7,7,0,0,0
2414.56,WITHDRAWAL,Kolkata,DEVICE007,3,29,1,1,1
38252.7,DEPOSIT,Bangalore,DEVICE005,21,6,0,0,0
42123.35,TRANSFER,Mumbai,DEVICE004,17,15,0,0,0
891.5,WITHDRAWAL,Kolkata,DEVICE005,16,7,0,0,0
32591.0,WITHDRAWAL,Pune,DEVICE003,19,1,0,0,0
24874.57,WITHDRAWAL,Kolkata,DEVICE003,20,17,1,0,0
49196.79,PAYMENT,Bangalore,DEVICE003,9,14,0,0,0
45861.67,TRANSFER,Delhi,DEVICE004,13,2,0,0,1
41731.01,PAYMENT,Nashik,DEVICE004,15,18,0,0,0
16697.65,TRANSFER,Pune,DEVICE005,23,1,0,0,0
20509.9,WITHDRAWAL,Mumbai,DEVICE007,20,19,0,1,0
13340.15,DEPOSIT,Nashik,DEVICE007,6,12,0,0,0
19675.55,TRANSFER,Dhule,DEVICE005,6,27,1,1,1
4151.53,TRANSFER,Bangalore,DEVICE003,20,4,0,0,0
30823.44,TRANSFER,Nashik,DEVICE003,13,22,0,0,0
31389.27,WITHDRAWAL,Delhi,DEVICE005,20,13,0,0,0
2088.9,TRANSFER,Nashik,DEVICE001,18,24,0,1,0
22133.96,PAYMENT,Hyderabad,DEVICE008,15,14,1,0,0
19943.89,DEPOSIT,Delhi,DEVICE002,7,3,0,0,1
13402.64,PAYMENT,Pune,DEVICE005,22,27,1,0,1
32551.64,DEPOSIT,Dhule,DEVICE008,7,12,0,0,0
5785.94,PAYMENT,Kolkata,DEVICE004,20,22,0,0,0
35532.55,WITHDRAWAL,Dhule,DEVICE001,10,24,0,1,0
30296.84,TRANSFER,Bangalore,DEVICE008,5,5,0,0,0
4466.33,TRANSFER,Pune,DEVICE004,17,4,1,0,1
19791.9,WITHDRAWAL,Ahmedabad,DEVICE004,11,14,0,1,0
47805.53,PAYMENT,Chennai,DEVICE001,5,24,0,1,1
29919.75,TRANSFER,Nashik,DEVICE005,4,13,0,0,0
21082.49,DEPOSIT,Dhule,DEVICE001,14,17,0,0,0
25759.73,TRANSFER,Bangalore,DEVICE001,1,30,1,0,0
18902.63,WITHDRAWAL,Kolkata,DEVICE004,6,11,1,1,1
4343.21,DEPOSIT,Dhule,DEVICE008,6,17,0,0,0
3338.77,PAYMENT,Dhule,DEVICE001,3,11,0,1,0
7483.06,TRANSFER,Bangalore,DEVICE004,3,16,0,0,0
22728.27,DEPOSIT,Kolkata,DEVICE004,15,12,0,0,0
7411.1,DEPOSIT,Mumbai,DEVICE004,20,27,0,0,0
23850.84,TRANSFER,Ahmedabad,DEVICE008,17,27,0,0,0
22089.34,DEPOSIT,Delhi,DEVICE001,7,17,0,1,1
19567.43,PAYMENT,Hyderabad,DEVICE001,17,18,0,1,0
41254.76,DEPOSIT,Ahmedabad,DEVICE006,8,22,0,0,0
32003.22,PAYMENT,Mumbai,DEVICE006,4,29,0,1,1
39464.77,PAYMENT,Dhule,DEVICE004,4,12,0,1,1
24425.69,PAYMENT,Bangalore,DEVICE002,20,2,1,1,1
2060.73,TRANSFER,Mumbai,DEVICE008,12,22,0,0,0
38814.54,PAYMENT,Bangalore,DEVICE007,12,2,1,0,0
17600.92,TRANSFER,Mumbai,DEVICE001,18,0,0,0,0
22302.3,PAYMENT,Bangalore,DEVICE007,7,10,0,1,0
2680.01,WITHDRAWAL,Dhule,DEVICE002,14,26,0,0,0
49297.87,WITHDRAWAL,Kolkata,DEVICE002,19,13,0,0,0
49795.38,PAYMENT,Ahmedabad,DEVICE005,6,15,1,0,0
35081.4,DEPOSIT,Bangalore,DEVICE005,11,13,0,0,0
27491.18,DEPOSIT,Dhule,DEVICE001,20,0,0,0,0
12363.25,DEPOSIT,Dhule,DEVICE006,2,17,1,0,0
35451.62,DEPOSIT,Kolkata,DEVICE008,6,14,1,1,0
35071.32,TRANSFER,Delhi,DEVICE002,23,28,0,0,0
9948.83,TRANSFER,Mumbai,DEVICE002,18,29,0,0,0
18299.13,DEPOSIT,Ahmedabad,DEVICE004,0,30,1,1,1
44942.74,TRANSFER,Bangalore,DEVICE007,9,12,0,1,1
40781.99,WITHDRAWAL,Mumbai,DEVICE003,7,5,0,0,0
27568.47,WITHDRAWAL,Chennai,DEVICE004,4,11,0,0,0
45158.51,TRANSFER,Pune,DEVICE001,5,9,0,1,1
9246.21,DEPOSIT,Bangalore,DEVICE004,23,29,1,1,1
19959.59,DEPOSIT,Chennai,DEVICE002,16,20,0,1,1
25452.53,DEPOSIT,Kolkata,DEVICE008,18,28,0,0,0
20372.59,PAYMENT,Nashik,DEVICE006,17,28,1,1,0
49738.22,DEPOSIT,Ahmedabad,DEVICE004,12,17,0,1,1
32294.6,TRANSFER,Chennai,DEVICE004,14,22,0,0,0
46726.46,WITHDRAWAL,Delhi,DEVICE001,0,19,0,0,0
21624.04,WITHDRAWAL,Hyderabad,DEVICE007,3,1,0,0,1
4202.7,WITHDRAWAL,Bangalore,DEVICE007,15,13,0,0,0
30457.84,TRANSFER,Nashik,DEVICE003,21,12,0,0,0
1998.43,DEPOSIT,Dhule,DEVICE008,10,23,0,0,0
46045.27,TRANSFER,Nashik,DEVICE002,6,21,0,1,1
14602.61,TRANSFER,Chennai,DEVICE001,5,14,0,0,0
41757.89,DEPOSIT,Pune,DEVICE008,11,14,0,0,0
3928.94,WITHDRAWAL,Dhule,DEVICE006,7,2,0,0,0
46718.91,PAYMENT,Ahmedabad,DEVICE002,1,26,0,0,0
12971.24,DEPOSIT,Hyderabad,DEVICE005,7,3,1,0,0
40706.25,PAYMENT,Pune,DEVICE002,3,18,1,1,1
15185.93,WITHDRAWAL,Delhi,DEVICE007,10,2,0,0,0
25963.41,PAYMENT,Nashik,DEVICE008,8,25,0,1,0
12603.28,PAYMENT,Mumbai,DEVICE006,12,0,0,0,0
15314.85,WITHDRAWAL,Delhi,DEVICE006,3,4,1,0,0
25568.42,WITHDRAWAL,Pune,DEVICE006,15,30,0,0,0
7568.81,PAYMENT,Delhi,DEVICE004,20,0,0,0,0
689.88,TRANSFER,Dhule,DEVICE003,3,30,0,0,0
36861.03,WITHDRAWAL,Chennai,DEVICE003,12,7,0,0,0
35041.84,DEPOSIT,Bangalore,DEVICE004,6,17,1,0,1
26306.78,DEPOSIT,Kolkata,DEVICE008,22,16,1,0,0
35795.64,TRANSFER,Hyderabad,DEVICE007,9,20,0,0,0
41675.5,PAYMENT,Pune,DEVICE004,17,4,0,0,0
43995.97,WITHDRAWAL,Bangalore,DEVICE007,21,11,0,0,0
6868.58,TRANSFER,Dhule,DEVICE004,8,17,0,0,0
16295.42,WITHDRAWAL,Mumbai,DEVICE004,16,24,0,1,0
11872.17,DEPOSIT,Bangalore,DEVICE002,17,18,0,0,0
1218.15,DEPOSIT,Mumbai,DEVICE001,20,2,1,0,1
4474.44,PAYMENT,Kolkata,DEVICE007,6,14,1,0,1
12554.86,TRANSFER,Pune,DEVICE008,7,12,0,0,0
35671.54,DEPOSIT,Kolkata,DEVICE003,20,28,0,0,0
48573.95,PAYMENT,Pune,DEVICE002,6,5,1,1,1
31783.85,DEPOSIT,Ahmedabad,DEVICE007,0,0,0,0,0
18089.0,DEPOSIT,Chennai,DEVICE007,14,8,0,0,0
4163.41,DEPOSIT,Nashik,DEVICE002,17,25,0,0,0
16415.8,WITHDRAWAL,Nashik,DEVICE007,17,6,0,0,0
10775.95,PAYMENT,Dhule,DEVICE008,12,12,0,0,0
26802.93,PAYMENT,Dhule,DEVICE008,13,30,1,0,0
28693.85,TRANSFER,Pune,DEVICE001,17,18,0,0,0
38203.39,WITHDRAWAL,Dhule,DEVICE003,4,12,1,0,1
43603.49,PAYMENT,Hyderabad,DEVICE008,16,9,0,1,0
18765.32,DEPOSIT,Bangalore,DEVICE002,16,15,0,0,0
18483.04,WITHDRAWAL,Bangalore,DEVICE007,21,24,0,0,0
18391.84,PAYMENT,Hyderabad,DEVICE007,10,23,1,0,0
15429.21,PAYMENT,Nashik,DEVICE008,8,12,1,0,1
34843.63,PAYMENT,Hyderabad,DEVICE007,19,4,0,0,0
33795.96,WITHDRAWAL,Mumbai,DEVICE006,3,2,0,0,0
19511.98,TRANSFER,Delhi,DEVICE002,5,3,0,0,1
43766.63,PAYMENT,Chennai,DEVICE004,13,8,0,0,0
14693.92,TRANSFER,Dhule,DEVICE001,17,3,0,0,0
11387.88,PAYMENT,Ahmedabad,DEVICE003,7,14,1,0,1
24335.86,PAYMENT,Nashik,DEVICE008,2,24,0,0,0
10842.23,TRANSFER,Dhule,DEVICE005,15,18,0,0,0
34783.84,PAYMENT,Pune,DEVICE005,16,24,0,0,0
41299.82,PAYMENT,Hyderabad,DEVICE002,16,23,1,0,1
22640.54,WITHDRAWAL,Delhi,DEVICE006,12,24,0,0,0
15979.1,PAYMENT,Chennai,DEVICE004,2,8,1,0,1
47715.3,DEPOSIT,Hyderabad,DEVICE003,1,2,1,0,1
10949.2,WITHDRAWAL,Pune,DEVICE003,4,23,0,0,0
192.58,PAYMENT,Delhi,DEVICE004,15,10,0,0,0
21686.44,TRANSFER,Delhi,DEVICE004,5,4,1,1,0
13007.68,TRANSFER,Chennai,DEVICE001,16,19,0,0,0
14926.5,DEPOSIT,Kolkata,DEVICE008,4,12,0,0,0
6966.72,PAYMENT,Chennai,DEVICE002,20,1,1,0,0
24831.2,WITHDRAWAL,Hyderabad,DEVICE006,23,15,0,0,0
34439.41,TRANSFER,Ahmedabad,DEVICE001,1,11,0,0,0
43171.79,TRANSFER,Nashik,DEVICE001,3,2,1,1,1
10175.1,TRANSFER,Pune,DEVICE002,7,13,0,0,0
13402.3,DEPOSIT,Dhule,DEVICE003,7,19,1,0,0
43674.3,PAYMENT,Pune,DEVICE006,16,18,0,0,1
39692.87,PAYMENT,Mumbai,DEVICE007,21,20,0,1,1
23064.5,DEPOSIT,Kolkata,DEVICE008,22,12,1,0,0
32131.88,PAYMENT,Nashik,DEVICE004,0,20,0,0,0
1687.37,DEPOSIT,Delhi,DEVICE001,5,27,0,0,0
336.27,WITHDRAWAL,Pune,DEVICE004,1,0,0,1,1
46539.35,WITHDRAWAL,Chennai,DEVICE004,0,19,0,0,1
29620.65,DEPOSIT,Hyderabad,DEVICE007,6,13,1,0,0
44366.92,WITHDRAWAL,Pune,DEVICE005,2,7,1,0,1
888.26,PAYMENT,Delhi,DEVICE005,10,17,0,0,0
48179.95,DEPOSIT,Chennai,DEVICE002,3,1,0,0,1
21916.79,DEPOSIT,Ahmedabad,DEVICE006,6,12,1,1,1
27684.86,WITHDRAWAL,Pune,DEVICE006,3,17,1,0,1
33490.39,TRANSFER,Kolkata,DEVICE005,13,1,0,0,0
21112.68,PAYMENT,Dhule,DEVICE008,0,15,0,0,0
49500.68,WITHDRAWAL,Ahmedabad,DEVICE004,16,19,0,0,1
33052.38,WITHDRAWAL,Kolkata,DEVICE003,18,24,0,0,0
46226.36,WITHDRAWAL,Dhule,DEVICE007,23,20,0,0,0
22621.75,TRANSFER,Dhule,DEVICE003,15,21,1,0,0
4600.17,WITHDRAWAL,Nashik,DEVICE003,13,3,0,0,0
13573.99,DEPOSIT,Nashik,DEVICE006,13,16,1,0,0
20496.92,DEPOSIT,Kolkata,DEVICE006,9,1,0,0,0
42853.36,WITHDRAWAL,Nashik,DEVICE008,16,18,0,1,1
15336.78,WITHDRAWAL,Hyderabad,DEVICE008,9,22,0,0,0
47995.98,PAYMENT,Chennai,DEVICE001,6,20,0,1,0
22216.33,WITHDRAWAL,Bangalore,DEVICE008,9,18,0,1,1
21061.97,TRANSFER,Delhi,DEVICE005,20,30,0,0,0
45334.1,WITHDRAWAL,Ahmedabad,DEVICE001,16,28,1,1,1
19047.82,DEPOSIT,Chennai,DEVICE005,22,18,0,0,0
38927.05,WITHDRAWAL,Chennai,DEVICE007,3,9,0,0,1
27747.12,TRANSFER,Ahmedabad,DEVICE004,9,5,0,1,0
7225.01,DEPOSIT,Ahmedabad,DEVICE002,12,0,0,1,0
10525.04,TRANSFER,Mumbai,DEVICE005,9,11,0,0,0
6005.38,WITHDRAWAL,Nashik,DEVICE004,9,15,1,0,0
30505.09,PAYMENT,Hyderabad,DEVICE004,0,20,0,0,1
43827.84,TRANSFER,Delhi,DEVICE003,22,28,0,0,1
21062.52,PAYMENT,Bangalore,DEVICE001,22,27,1,0,0
10827.39,DEPOSIT,Delhi,DEVICE005,1,1,0,0,0
19746.07,PAYMENT,Dhule,DEVICE004,13,14,0,1,0
32728.55,WITHDRAWAL,Dhule,DEVICE007,15,14,1,0,1
48762.59,WITHDRAWAL,Hyderabad,DEVICE008,3,24,0,0,0
16230.92,WITHDRAWAL,Mumbai,DEVICE003,19,9,0,0,0
27373.01,PAYMENT,Chennai,DEVICE007,11,30,0,1,0
41453.27,PAYMENT,Mumbai,DEVICE004,12,10,1,1,0
9757.7,TRANSFER,Pune,DEVICE007,23,26,1,0,1
38394.89,PAYMENT,Kolkata,DEVICE002,11,17,0,0,0
22606.62,TRANSFER,Delhi,DEVICE003,15,17,0,0,0
12229.67,PAYMENT,Nashik,DEVICE001,11,18,1,0,1
45591.41,TRANSFER,Ahmedabad,DEVICE006,0,9,0,0,1
20679.07,WITHDRAWAL,Chennai,DEVICE008,6,17,1,1,0
28235.68,TRANSFER,Ahmedabad,DEVICE006,7,2,0,0,1
15504.05,WITHDRAWAL,Pune,DEVICE002,1,29,0,0,0
41197.69,PAYMENT,Ahmedabad,DEVICE006,1,16,0,0,0
43200.19,DEPOSIT,Bangalore,DEVICE002,4,1,0,0,1
29715.76,TRANSFER,Bangalore,DEVICE004,16,21,0,0,0
20574.49,DEPOSIT,Nashik,DEVICE006,14,22,0,0,0
49282.49,TRANSFER,Ahmedabad,DEVICE002,21,12,0,0,1
48136.35,DEPOSIT,Delhi,DEVICE001,16,25,1,0,0
5975.33,TRANSFER,Pune,DEVICE003,18,19,1,0,0
34608.19,DEPOSIT,Chennai,DEVICE004,13,4,0,0,0
49993.17,PAYMENT,Bangalore,DEVICE005,2,19,0,0,0
699.04,TRANSFER,Mumbai,DEVICE005,0,10,0,1,1
8688.49,WITHDRAWAL,Ahmedabad,DEVICE008,11,27,0,0,1
25760.76,WITHDRAWAL,Bangalore,DEVICE007,3,28,0,1,0
37483.64,WITHDRAWAL,Hyderabad,DEVICE003,14,28,1,0,1
25391.37,DEPOSIT,Delhi,DEVICE006,17,15,0,1,1
2164.09,WITHDRAWAL,Dhule,DEVICE005,12,3,0,1,1
23788.56,WITHDRAWAL,Ahmedabad,DEVICE001,20,1,0,0,0
27321.68,DEPOSIT,Bangalore,DEVICE003,1,3,0,0,0
43740.17,TRANSFER,Delhi,DEVICE003,15,21,0,0,1
27839.29,TRANSFER,Pune,DEVICE007,22,22,0,0,0
17707.18,TRANSFER,Ahmedabad,DEVICE007,19,2,0,0,0
37869.64,WITHDRAWAL,Mumbai,DEVICE003,4,26,1,0,0
20801.37,DEPOSIT,Delhi,DEVICE001,0,11,0,0,0
4250.58,PAYMENT,Chennai,DEVICE005,3,16,1,0,0
46445.27,WITHDRAWAL,Bangalore,DEVICE001,10,15,0,0,0
29679.65,DEPOSIT,Pune,DEVICE002,7,22,0,0,0
20018.72,WITHDRAWAL,Chennai,DEVICE004,8,9,0,0,0
27853.44,WITHDRAWAL,Nashik,DEVICE003,4,18,1,0,1
32964.62,TRANSFER,Pune,DEVICE002,12,16,0,0,0
16268.74,DEPOSIT,Chennai,DEVICE008,22,12,1,0,0
7783.49,TRANSFER,Dhule,DEVICE001,20,7,1,1,1
33451.17,DEPOSIT,Chennai,DEVICE006,12,10,0,0,0
32615.74,TRANSFER,Hyderabad,DEVICE005,5,26,0,0,0
40489.41,TRANSFER,Dhule,DEVICE003,20,30,0,1,0
23988.84,PAYMENT,Dhule,DEVICE001,19,0,0,1,0
19503.65,DEPOSIT,Bangalore,DEVICE005,2,8,0,0,0
7730.71,WITHDRAWAL,Nashik,DEVICE008,13,3,0,0,0
47261.44,DEPOSIT,Pune,DEVICE006,3,6,0,1,0
2488.7,TRANSFER,Hyderabad,DEVICE008,23,23,0,1,0
16414.35,TRANSFER,Hyderabad,DEVICE004,1,20,0,0,0
42454.36,TRANSFER,Nashik,DEVICE004,1,27,0,0,1
45915.22,DEPOSIT,Nashik,DEVICE003,4,27,0,0,1
16504.09,WITHDRAWAL,Kolkata,DEVICE002,16,5,0,0,0
25683.55,DEPOSIT,Bangalore,DEVICE005,2,3,0,1,0
17548.57,WITHDRAWAL,Dhule,DEVICE007,9,23,0,0,0
29010.69,TRANSFER,Pune,DEVICE008,2,25,0,0,0
25967.98,WITHDRAWAL,Mumbai,DEVICE007,1,27,1,0,1
15435.77,TRANSFER,Delhi,DEVICE006,10,26,1,1,1
2398.18,TRANSFER,Kolkata,DEVICE005,18,17,0,1,0
4051.42,DEPOSIT,Kolkata,DEVICE006,13,16,1,0,1
18101.7,WITHDRAWAL,Chennai,DEVICE001,11,11,0,1,1
38961.14,PAYMENT,Pune,DEVICE007,10,13,0,1,0
40802.44,PAYMENT,Chennai,DEVICE004,12,29,0,0,0
11427.67,WITHDRAWAL,Nashik,DEVICE005,20,2,0,0,1
7293.32,WITHDRAWAL,Dhule,DEVICE006,5,16,0,0,0
16230.81,TRANSFER,Kolkata,DEVICE006,18,13,0,0,0
11424.35,DEPOSIT,Dhule,DEVICE005,17,14,1,1,0
29159.36,WITHDRAWAL,Kolkata,DEVICE002,6,6,0,0,0
6499.84,DEPOSIT,Dhule,DEVICE008,11,13,0,0,0
13944.64,WITHDRAWAL,Chennai,DEVICE001,16,22,1,1,0
40655.36,PAYMENT,Dhule,DEVICE004,15,15,0,0,1
22079.93,WITHDRAWAL,Chennai,DEVICE002,7,11,1,0,0
19926.26,PAYMENT,Chennai,DEVICE002,5,6,1,0,0
15523.88,WITHDRAWAL,Chennai,DEVICE003,20,17,0,0,0
39270.89,TRANSFER,Pune,DEVICE001,16,10,0,0,0
43626.95,PAYMENT,Hyderabad,DEVICE005,22,3,1,1,1
37751.9,TRANSFER,Mumbai,DEVICE001,23,3,0,1,0
13983.54,TRANSFER,Bangalore,DEVICE002,4,13,0,0,0
32470.77,PAYMENT,Nashik,DEVICE005,19,14,0,1,0
1881.08,DEPOSIT,Dhule,DEVICE005,16,20,0,0,0
29500.55,WITHDRAWAL,Delhi,DEVICE005,9,14,0,0,0
16947.01,PAYMENT,Chennai,DEVICE006,6,29,0,1,1
42099.1,PAYMENT,Chennai,DEVICE004,13,13,0,0,1
19517.75,PAYMENT,Bangalore,DEVICE007,7,3,1,1,0
32635.88,PAYMENT,Chennai,DEVICE006,9,15,0,0,0
28817.58,WITHDRAWAL,Dhule,DEVICE007,0,22,0,0,1
36096.51,PAYMENT,Bangalore,DEVICE002,17,20,0,0,0
10117.28,PAYMENT,Pune,DEVICE005,19,11,0,0,0
47197.24,TRANSFER,Chennai,DEVICE007,6,7,0,1,0
4662.69,PAYMENT,Dhule,DEVICE006,18,17,0,1,1
627.86,WITHDRAWAL,Mumbai,DEVICE002,23,26,1,0,0
3067.14,WITHDRAWAL,Kolkata,DEVICE003,14,27,1,0,0
20922.07,WITHDRAWAL,Mumbai,DEVICE003,6,15,1,0,0
49845.77,DEPOSIT,Delhi,DEVICE005,1,22,0,0,1
8439.13,DEPOSIT,Kolkata,DEVICE005,8,24,0,0,0
8039.44,DEPOSIT,Mumbai,DEVICE007,15,25,1,1,1
12406.7,PAYMENT,Delhi,DEVICE004,15,16,1,0,0
18621.26,TRANSFER,Hyderabad,DEVICE002,12,15,1,0,1
8694.12,DEPOSIT,Chennai,DEVICE004,9,21,1,0,0
7260.21,PAYMENT,Delhi,DEVICE006,2,19,1,1,1
3799.09,DEPOSIT,Bangalore,DEVICE003,19,24,0,1,0
39220.7,WITHDRAWAL,Delhi,DEVICE006,0,8,0,0,0
25629.5,PAYMENT,Bangalore,DEVICE002,16,5,1,1,1
44717.52,PAYMENT,Hyderabad,DEVICE005,4,26,0,1,1
16558.28,DEPOSIT,Dhule,DEVICE008,11,22,1,0,0
24115.09,DEPOSIT,Bangalore,DEVICE008,2,28,0,0,0
1496.25,TRANSFER,Delhi,DEVICE007,22,2,0,1,0
26126.12,WITHDRAWAL,Nashik,DEVICE006,4,16,1,0,1
37049.36,WITHDRAWAL,Chennai,DEVICE008,14,15,1,0,1
20922.82,PAYMENT,Pune,DEVICE002,22,24,0,0,0
49135.9,WITHDRAWAL,Bangalore,DEVICE004,21,0,0,1,1
7941.92,PAYMENT,Kolkata,DEVICE001,17,16,1,0,0
34738.81,WITHDRAWAL,Pune,DEVICE001,16,1,1,0,0
48401.48,PAYMENT,Nashik,DEVICE006,15,5,0,0,0
18869.64,WITHDRAWAL,Pune,DEVICE006,20,24,0,0,0
27504.24,DEPOSIT,Kolkata,DEVICE008,11,6,0,1,1
29631.63,PAYMENT,Ahmedabad,DEVICE006,22,11,0,0,0
30128.64,TRANSFER,Bangalore,DEVICE006,6,27,1,1,1
17905.67,TRANSFER,Chennai,DEVICE005,17,23,0,0,0
44879.17,DEPOSIT,Kolkata,DEVICE007,10,13,0,0,1
21102.79,TRANSFER,Delhi,DEVICE004,1,17,0,0,1
48634.68,TRANSFER,Chennai,DEVICE007,9,6,1,0,1
33893.52,PAYMENT,Kolkata,DEVICE004,16,11,0,0,0
34042.7,WITHDRAWAL,Dhule,DEVICE006,0,6,0,0,1
7152.08,PAYMENT,Kolkata,DEVICE005,23,4,0,0,0
26213.98,TRANSFER,Ahmedabad,DEVICE003,2,20,0,0,0
48459.58,DEPOSIT,Pune,DEVICE008,13,22,0,0,0
41046.57,TRANSFER,Bangalore,DEVICE003,14,1,0,1,1
39237.17,WITHDRAWAL,Pune,DEVICE003,6,22,0,0,0
37341.93,TRANSFER,Delhi,DEVICE007,22,27,0,1,1
26542.02,PAYMENT,Nashik,DEVICE003,16,11,0,0,0
7901.37,PAYMENT,Mumbai,DEVICE001,6,0,0,1,1
13296.65,DEPOSIT,Chennai,DEVICE003,19,8,0,1,0
29769.88,DEPOSIT,Hyderabad,DEVICE008,20,9,0,0,0
6263.58,TRANSFER,Ahmedabad,DEVICE005,5,23,0,0,0
33395.88,TRANSFER,Hyderabad,DEVICE001,19,0,0,0,0
4754.35,DEPOSIT,Dhule,DEVICE002,20,9,0,0,0
44220.49,TRANSFER,Delhi,DEVICE001,15,19,0,0,0
36116.21,WITHDRAWAL,Delhi,DEVICE005,4,22,0,0,0
36052.39,TRANSFER,Delhi,DEVICE006,21,10,1,0,1
44323.14,WITHDRAWAL,Chennai,DEVICE005,3,16,0,0,1
12261.41,PAYMENT,Mumbai,DEVICE002,10,6,1,0,0
31563.49,PAYMENT,Ahmedabad,DEVICE008,4,10,0,1,0
34258.36,DEPOSIT,Mumbai,DEVICE002,10,18,1,0,0
20404.59,DEPOSIT,Mumbai,DEVICE007,7,23,0,0,0
14935.63,WITHDRAWAL,Nashik,DEVICE004,10,9,1,0,0
43340.82,WITHDRAWAL,Hyderabad,DEVICE001,22,8,1,1,1
37553.84,DEPOSIT,Delhi,DEVICE007,21,18,1,0,0
29720.75,TRANSFER,Ahmedabad,DEVICE007,17,10,0,0,0
40316.22,TRANSFER,Mumbai,DEVICE001,13,2,0,0,1
21739.34,TRANSFER,Bangalore,DEVICE006,0,30,1,0,0
27483.7,DEPOSIT,Ahmedabad,DEVICE004,19,29,0,0,1
14437.78,DEPOSIT,Nashik,DEVICE007,14,1,0,0,0
27022.33,DEPOSIT,Pune,DEVICE001,3,20,1,0,0
1444.98,TRANSFER,Bangalore,DEVICE005,12,9,0,0,0
43693.08,PAYMENT,Kolkata,DEVICE003,9,12,0,0,1
12775.72,PAYMENT,Dhule,DEVICE001,5,7,0,0,0
13180.41,WITHDRAWAL,Ahmedabad,DEVICE007,7,14,0,1,0
20342.41,WITHDRAWAL,Bangalore,DEVICE008,8,26,0,0,0
22785.36,PAYMENT,Bangalore,DEVICE005,10,3,0,0,0
16001.8,PAYMENT,Kolkata,DEVICE003,1,10,0,0,0
13492.93,DEPOSIT,Delhi,DEVICE004,13,4,0,0,0
21824.25,TRANSFER,Pune,DEVICE002,15,14,0,1,1
30199.59,TRANSFER,Pune,DEVICE001,12,7,0,0,0
2641.91,DEPOSIT,Pune,DEVICE006,0,8,0,0,1
19327.24,WITHDRAWAL,Ahmedabad,DEVICE005,12,13,0,0,0
7633.13,PAYMENT,Kolkata,DEVICE007,14,14,0,0,0
36515.5,PAYMENT,Delhi,DEVICE001,10,13,0,0,0
29658.57,PAYMENT,Pune,DEVICE004,14,26,0,1,0
23060.39,TRANSFER,Kolkata,DEVICE006,14,5,0,0,0
6167.11,WITHDRAWAL,Dhule,DEVICE006,21,29,0,0,0
37419.52,TRANSFER,Mumbai,DEVICE007,12,7,0,0,0
23913.34,PAYMENT,Hyderabad,DEVICE008,15,5,0,0,0
37613.92,TRANSFER,Mumbai,DEVICE005,9,27,0,0,0
14140.76,TRANSFER,Chennai,DEVICE003,10,21,1,0,0
45747.86,PAYMENT,Ahmedabad,DEVICE007,0,28,1,0,1
26697.55,TRANSFER,Ahmedabad,DEVICE007,8,10,0,0,1
46872.0,WITHDRAWAL,Bangalore,DEVICE002,17,16,1,0,0
15960.69,DEPOSIT,Nashik,DEVICE002,22,7,0,1,1
32681.45,TRANSFER,Nashik,DEVICE005,18,18,0,0,0
2887.28,WITHDRAWAL,Delhi,DEVICE001,12,7,0,1,0
24191.8,DEPOSIT,Dhule,DEVICE001,14,23,0,0,0
48974.18,WITHDRAWAL,Ahmedabad,DEVICE002,10,2,0,0,1
31462.5,DEPOSIT,Nashik,DEVICE003,5,27,1,0,0
25397.47,WITHDRAWAL,Delhi,DEVICE004,13,21,0,0,0
28229.25,DEPOSIT,Hyderabad,DEVICE005,6,15,0,0,0
49123.17,DEPOSIT,Dhule,DEVICE005,16,21,0,0,1
20904.48,DEPOSIT,Mumbai,DEVICE005,9,19,0,0,0
442.59,PAYMENT,Hyderabad,DEVICE002,9,13,1,0,1
26831.54,DEPOSIT,Ahmedabad,DEVICE007,4,7,0,0,0
16166.7,PAYMENT,Delhi,DEVICE006,6,27,0,0,0
10474.35,TRANSFER,Nashik,DEVICE008,4,8,0,0,1
16480.79,WITHDRAWAL,Mumbai,DEVICE003,9,3,1,0,0
19868.98,TRANSFER,Kolkata,DEVICE005,6,8,1,0,0
43243.95,PAYMENT,Hyderabad,DEVICE007,12,28,0,1,1
32883.45,TRANSFER,Nashik,DEVICE003,9,8,0,0,0
29144.22,DEPOSIT,Chennai,DEVICE006,4,29,0,1,1
15294.34,PAYMENT,Kolkata,DEVICE003,4,23,0,1,0
24432.86,TRANSFER,Nashik,DEVICE003,23,14,0,0,0
19718.99,WITHDRAWAL,Chennai,DEVICE006,14,12,1,0,0
8374.14,DEPOSIT,Nashik,DEVICE003,10,11,0,0,0
22214.3,WITHDRAWAL,Kolkata,DEVICE006,23,2,0,0,0
4858.16,TRANSFER,Bangalore,DEVICE008,23,30,0,0,0
38158.04,TRANSFER,Delhi,DEVICE003,5,30,0,0,0
24364.42,DEPOSIT,Mumbai,DEVICE008,22,20,0,0,0
32650.3,PAYMENT,Delhi,DEVICE007,17,23,0,0,0
46315.8,PAYMENT,Ahmedabad,DEVICE001,13,23,0,1,1
18860.26,DEPOSIT,Bangalore,DEVICE001,15,10,0,1,0
32486.6,TRANSFER,Dhule,DEVICE004,17,8,0,0,0
33198.11,DEPOSIT,Mumbai,DEVICE004,23,13,0,0,0
21272.54,WITHDRAWAL,Ahmedabad,DEVICE008,8,23,1,0,1
25561.56,DEPOSIT,Nashik,DEVICE008,15,25,0,0,0
260.44,TRANSFER,Pune,DEVICE005,19,17,0,0,0
25810.17,TRANSFER,Nashik,DEVICE005,4,15,0,0,0
122.14,DEPOSIT,Delhi,DEVICE004,23,26,0,1,0
13444.74,TRANSFER,Ahmedabad,DEVICE006,3,26,0,0,0
23882.7,DEPOSIT,Bangalore,DEVICE005,10,7,1,0,0
23097.47,TRANSFER,Ahmedabad,DEVICE006,5,11,0,0,0
19778.65,PAYMENT,Mumbai,DEVICE003,5,15,1,0,0
38073.24,PAYMENT,Nashik,DEVICE005,22,26,0,0,0
41764.35,PAYMENT,Kolkata,DEVICE001,17,21,1,0,0
23592.19,PAYMENT,Delhi,DEVICE006,17,27,0,0,0
44931.88,TRANSFER,Ahmedabad,DEVICE008,12,11,0,0,0
333.82,PAYMENT,Nashik,DEVICE001,12,13,0,1,1
23502.7,WITHDRAWAL,Nashik,DEVICE004,21,0,1,0,0
18255.38,PAYMENT,Mumbai,DEVICE001,21,20,0,0,0
12328.42,TRANSFER,Hyderabad,DEVICE007,2,13,0,0,0
37556.72,WITHDRAWAL,Dhule,DEVICE003,10,12,1,0,0
20617.82,WITHDRAWAL,Kolkata,DEVICE002,12,21,0,0,0
21454.71,DEPOSIT,Ahmedabad,DEVICE007,2,5,0,0,0
33187.56,WITHDRAWAL,Nashik,DEVICE005,3,21,1,0,1
35803.95,WITHDRAWAL,Bangalore,DEVICE005,5,18,0,0,0
35626.76,TRANSFER,Pune,DEVICE004,4,9,0,0,0
28486.6,DEPOSIT,Hyderabad,DEVICE001,8,15,0,0,0
43818.96,PAYMENT,Pune,DEVICE008,12,6,0,1,0
2094.4,TRANSFER,Chennai,DEVICE001,17,29,0,0,0
45040.04,WITHDRAWAL,Nashik,DEVICE005,17,13,1,1,1
12667.61,DEPOSIT,Dhule,DEVICE003,9,21,0,0,0
34766.84,PAYMENT,Hyderabad,DEVICE004,8,12,0,0,0
31380.49,PAYMENT,Mumbai,DEVICE006,21,16,0,1,0
8102.7,TRANSFER,Dhule,DEVICE001,6,26,0,0,0
37412.39,TRANSFER,Bangalore,DEVICE001,21,6,0,1,1
3343.43,PAYMENT,Kolkata,DEVICE007,20,7,0,0,0
46507.81,PAYMENT,Mumbai,DEVICE002,10,9,0,0,1
4974.88,PAYMENT,Ahmedabad,DEVICE006,1,10,0,0,1
10311.25,PAYMENT,Hyderabad,DEVICE008,3,16,0,0,0
32845.01,TRANSFER,Nashik,DEVICE006,14,21,0,0,0
9626.51,WITHDRAWAL,Hyderabad,DEVICE005,9,25,0,0,0
38169.11,TRANSFER,Delhi,DEVICE004,5,12,0,0,1
3643.33,PAYMENT,Hyderabad,DEVICE005,16,21,0,1,0
48823.71,WITHDRAWAL,Hyderabad,DEVICE002,22,16,0,0,1
24822.14,TRANSFER,Mumbai,DEVICE007,10,3,0,0,0
10327.04,DEPOSIT,Delhi,DEVICE004,9,20,0,0,0
48261.74,TRANSFER,Chennai,DEVICE003,19,13,0,0,1
45145.5,DEPOSIT,Ahmedabad,DEVICE005,18,19,0,1,1
14300.53,TRANSFER,Kolkata,DEVICE002,1,20,1,0,0
19046.08,DEPOSIT,Dhule,DEVICE006,6,4,1,0,0
45816.65,WITHDRAWAL,Mumbai,DEVICE008,10,17,0,0,0
13770.68,TRANSFER,Ahmedabad,DEVICE006,20,1,0,1,1
25807.3,TRANSFER,Kolkata,DEVICE007,6,24,0,0,0
37414.83,WITHDRAWAL,Hyderabad,DEVICE001,16,21,0,0,0
6742.0,DEPOSIT,Ahmedabad,DEVICE005,6,4,0,0,0
48751.72,WITHDRAWAL,Pune,DEVICE007,12,27,0,0,0
2608.81,WITHDRAWAL,Delhi,DEVICE007,20,21,0,0,0
39227.03,PAYMENT,Nashik,DEVICE004,7,6,1,0,1
37512.49,PAYMENT,Chennai,DEVICE006,3,17,1,0,1
25986.26,PAYMENT,Delhi,DEVICE007,23,22,0,0,0
31763.62,DEPOSIT,Bangalore,DEVICE003,21,22,0,0,0
38027.1,PAYMENT,Delhi,DEVICE006,0,11,0,0,1
5986.55,PAYMENT,Delhi,DEVICE005,7,23,0,1,1
45096.97,TRANSFER,Chennai,DEVICE006,10,0,1,1,1
27081.21,WITHDRAWAL,Hyderabad,DEVICE008,14,0,0,0,0
4292.54,WITHDRAWAL,Kolkata,DEVICE002,13,28,0,0,0
32783.67,DEPOSIT,Kolkata,DEVICE008,22,24,0,0,0
48832.6,DEPOSIT,Ahmedabad,DEVICE005,20,14,0,0,0
42095.99,TRANSFER,Pune,DEVICE008,11,14,0,0,1
18364.45,WITHDRAWAL,Nashik,DEVICE002,22,26,0,0,0
32355.79,DEPOSIT,Delhi,DEVICE001,8,11,1,1,0
38720.86,PAYMENT,Nashik,DEVICE006,1,7,0,0,0
8957.58,WITHDRAWAL,Nashik,DEVICE003,15,12,0,0,0
12384.89,WITHDRAWAL,Pune,DEVICE008,13,2,0,1,1
3801.56,DEPOSIT,Chennai,DEVICE003,3,16,0,0,0
38691.66,DEPOSIT,Mumbai,DEVICE004,2,22,0,1,0
45266.41,DEPOSIT,Mumbai,DEVICE005,17,17,0,1,0
12606.81,TRANSFER,Pune,DEVICE007,16,4,0,0,0
5756.38,WITHDRAWAL,Kolkata,DEVICE008,21,26,0,0,0
22677.15,WITHDRAWAL,Pune,DEVICE002,23,12,0,1,0
6196.36,TRANSFER,Nashik,DEVICE008,23,16,0,0,0
33989.53,DEPOSIT,Hyderabad,DEVICE006,19,19,1,0,1
36612.99,TRANSFER,Hyderabad,DEVICE001,15,23,1,0,0
33397.18,PAYMENT,Mumbai,DEVICE002,11,22,1,0,0
10997.49,TRANSFER,Bangalore,DEVICE006,0,0,0,1,1
11841.13,TRANSFER,Ahmedabad,DEVICE004,16,19,0,0,0
16297.15,WITHDRAWAL,Kolkata,DEVICE006,2,11,0,0,0
35973.42,TRANSFER,Bangalore,DEVICE004,9,16,0,0,0
14478.13,TRANSFER,Nashik,DEVICE002,1,22,0,0,0
16395.53,TRANSFER,Bangalore,DEVICE008,1,5,1,1,1
15867.13,PAYMENT,Hyderabad,DEVICE004,7,20,0,0,0
2054.65,DEPOSIT,Ahmedabad,DEVICE001,2,7,0,0,0
478.64,DEPOSIT,Delhi,DEVICE007,7,0,0,0,0
17831.43,DEPOSIT,Nashik,DEVICE002,4,5,0,0,1
41468.32,WITHDRAWAL,Pune,DEVICE002,23,3,0,1,1
14207.8,DEPOSIT,Bangalore,DEVICE004,22,29,1,0,0
15986.01,TRANSFER,Ahmedabad,DEVICE006,6,2,1,1,1
3771.65,TRANSFER,Nashik,DEVICE002,1,27,0,0,0
41166.99,TRANSFER,Ahmedabad,DEVICE002,9,27,1,0,1
47097.22,DEPOSIT,Pune,DEVICE007,8,26,0,0,0
45974.73,TRANSFER,Kolkata,DEVICE008,9,20,1,0,1
5614.4,TRANSFER,Pune,DEVICE004,10,9,0,0,0
6188.61,WITHDRAWAL,Mumbai,DEVICE004,5,21,0,0,0
22768.7,PAYMENT,Ahmedabad,DEVICE008,14,30,1,0,0
42298.02,PAYMENT,Nashik,DEVICE006,1,29,1,1,1
5455.79,DEPOSIT,Chennai,DEVICE003,9,8,0,0,0
39807.45,TRANSFER,Delhi,DEVICE008,17,29,0,0,0
29086.19,PAYMENT,Hyderabad,DEVICE002,14,1,0,0,0
7010.95,TRANSFER,Mumbai,DEVICE007,18,24,0,1,0
10527.01,DEPOSIT,Pune,DEVICE001,21,13,0,0,0
26224.5,WITHDRAWAL,Hyderabad,DEVICE004,4,3,0,1,0
43543.97,PAYMENT,Mumbai,DEVICE001,12,29,0,0,0
12753.26,TRANSFER,Dhule,DEVICE001,2,17,0,0,0
4154.76,TRANSFER,Delhi,DEVICE006,14,0,0,0,0
20423.39,WITHDRAWAL,Chennai,DEVICE005,13,14,0,0,0
38551.7,DEPOSIT,Ahmedabad,DEVICE007,5,8,1,0,0
4336.17,DEPOSIT,Hyderabad,DEVICE006,7,3,0,0,0
5974.81,TRANSFER,Pune,DEVICE006,16,2,0,0,0
19394.04,TRANSFER,Hyderabad,DEVICE008,20,21,1,0,0
27511.85,TRANSFER,Chennai,DEVICE002,2,16,0,0,0
22840.35,PAYMENT,Chennai,DEVICE007,2,12,0,0,0
48165.93,WITHDRAWAL,Delhi,DEVICE007,16,7,0,0,0
46189.07,PAYMENT,Delhi,DEVICE002,5,29,0,0,0
14820.75,PAYMENT,Pune,DEVICE001,13,8,0,0,1
12633.14,TRANSFER,Dhule,DEVICE004,23,24,0,0,0
47825.72,TRANSFER,Dhule,DEVICE003,9,23,0,1,0
11600.8,WITHDRAWAL,Delhi,DEVICE006,0,25,1,0,1
16564.47,PAYMENT,Chennai,DEVICE006,5,17,0,0,0
32003.82,TRANSFER,Kolkata,DEVICE004,21,7,0,1,0
16971.61,WITHDRAWAL,Mumbai,DEVICE007,3,10,0,1,1
38724.06,PAYMENT,Nashik,DEVICE002,21,12,1,1,0
35293.65,DEPOSIT,Pune,DEVICE008,16,30,1,0,0
35736.02,WITHDRAWAL,Kolkata,DEVICE004,6,13,0,0,0
25112.19,DEPOSIT,Ahmedabad,DEVICE004,8,7,0,1,0
16311.18,DEPOSIT,Chennai,DEVICE004,18,22,0,0,0
8650.32,PAYMENT,Hyderabad,DEVICE001,6,5,0,0,0
32383.6,DEPOSIT,Delhi,DEVICE002,19,5,0,1,1
17953.47,PAYMENT,Chennai,DEVICE006,19,2,0,1,0
7237.74,TRANSFER,Bangalore,DEVICE005,4,0,0,1,1
34627.86,DEPOSIT,Delhi,DEVICE005,23,6,1,0,0
435.73,TRANSFER,Delhi,DEVICE004,7,24,1,0,1
46979.74,WITHDRAWAL,Ahmedabad,DEVICE001,1,28,0,1,1
41460.98,DEPOSIT,Nashik,DEVICE005,6,15,1,1,1
685.48,DEPOSIT,Bangalore,DEVICE008,4,26,0,0,0
10759.14,TRANSFER,Hyderabad,DEVICE008,10,21,1,0,1
48275.56,DEPOSIT,Pune,DEVICE007,10,12,0,0,0
6696.53,TRANSFER,Bangalore,DEVICE001,18,2,0,0,1
10122.09,PAYMENT,Chennai,DEVICE007,23,7,0,0,0
16345.82,PAYMENT,Kolkata,DEVICE008,12,7,1,0,1
42307.0,TRANSFER,Kolkata,DEVICE007,16,13,0,1,0
7589.3,TRANSFER,Ahmedabad,DEVICE001,5,15,0,0,0
43933.27,PAYMENT,Dhule,DEVICE002,10,8,1,0,1
43744.11,PAYMENT,Delhi,DEVICE003,22,7,0,1,1
33376.37,WITHDRAWAL,Delhi,DEVICE007,0,27,0,1,1
243.99,PAYMENT,Ahmedabad,DEVICE006,18,18,1,0,0
1108.59,DEPOSIT,Delhi,DEVICE007,19,25,0,0,0
33814.31,TRANSFER,Ahmedabad,DEVICE004,17,13,0,0,0
5703.9,DEPOSIT,Hyderabad,DEVICE001,9,11,0,1,0
42192.98,WITHDRAWAL,Chennai,DEVICE003,15,6,0,0,0
31134.44,WITHDRAWAL,Dhule,DEVICE008,13,10,0,0,0
4476.73,WITHDRAWAL,Nashik,DEVICE001,21,3,0,0,0
35824.7,WITHDRAWAL,Kolkata,DEVICE002,22,8,0,0,1
49227.02,WITHDRAWAL,Pune,DEVICE007,9,12,0,0,0
49600.69,PAYMENT,Ahmedabad,DEVICE008,16,9,0,0,1
24390.65,WITHDRAWAL,Ahmedabad,DEVICE002,2,3,0,0,1
37937.71,TRANSFER,Nashik,DEVICE001,8,9,1,0,0
5834.54,WITHDRAWAL,Nashik,DEVICE001,18,0,0,0,0
30619.31,PAYMENT,Bangalore,DEVICE002,17,12,0,1,0
30399.78,PAYMENT,Ahmedabad,DEVICE008,2,28,1,1,1
11307.73,PAYMENT,Chennai,DEVICE006,10,26,1,0,1
4066.71,WITHDRAWAL,Nashik,DEVICE001,6,12,0,0,0
29177.47,TRANSFER,Bangalore,DEVICE008,7,3,0,0,0
16909.58,PAYMENT,Chennai,DEVICE005,14,25,0,1,1
40477.15,PAYMENT,Nashik,DEVICE001,11,4,0,0,0
30874.76,DEPOSIT,Hyderabad,DEVICE005,3,3,0,1,1
15141.24,PAYMENT,Kolkata,DEVICE003,2,22,0,0,0
25012.7,PAYMENT,Mumbai,DEVICE005,11,3,0,0,0
41631.96,DEPOSIT,Pune,DEVICE008,5,10,0,0,0
26995.25,PAYMENT,Bangalore,DEVICE007,7,20,0,0,0
3741.64,PAYMENT,Pune,DEVICE004,7,15,0,0,0
35165.6,TRANSFER,Kolkata,DEVICE002,10,7,0,1,0
41123.56,TRANSFER,Dhule,DEVICE005,20,6,0,1,1
32705.83,TRANSFER,Bangalore,DEVICE004,1,20,1,0,0
22627.74,PAYMENT,Delhi,DEVICE001,15,26,0,0,0
43221.54,TRANSFER,Hyderabad,DEVICE002,4,27,0,0,1
39367.37,DEPOSIT,Hyderabad,DEVICE002,15,22,0,0,0
25469.83,DEPOSIT,Kolkata,DEVICE008,7,17,0,0,1
23238.39,WITHDRAWAL,Nashik,DEVICE006,14,17,1,0,1
14356.85,PAYMENT,Pune,DEVICE001,3,26,0,0,0
8832.48,PAYMENT,Mumbai,DEVICE004,22,4,0,1,0
4382.0,PAYMENT,Pune,DEVICE001,12,14,0,0,0
6938.62,TRANSFER,Bangalore,DEVICE003,9,24,0,0,0
40957.75,DEPOSIT,Dhule,DEVICE004,9,17,0,0,0
11867.99,TRANSFER,Mumbai,DEVICE005,19,24,0,0,0
17254.12,TRANSFER,Pune,DEVICE006,2,16,0,0,0
38243.52,TRANSFER,Kolkata,DEVICE003,18,14,0,0,0
8484.46,PAYMENT,Nashik,DEVICE003,21,11,0,0,0
46268.51,DEPOSIT,Chennai,DEVICE005,10,3,1,1,1
8914.41,TRANSFER,Mumbai,DEVICE003,5,6,1,1,1
18545.33,PAYMENT,Ahmedabad,DEVICE008,19,26,0,0,0
13452.92,PAYMENT,Hyderabad,DEVICE008,10,22,0,0,0
6193.27,WITHDRAWAL,Ahmedabad,DEVICE007,19,13,0,0,0
10551.43,DEPOSIT,Nashik,DEVICE002,13,24,0,0,0
21670.88,TRANSFER,Mumbai,DEVICE006,9,2,0,1,1
19506.29,DEPOSIT,Mumbai,DEVICE001,13,14,0,0,0
12098.15,TRANSFER,Dhule,DEVICE001,21,26,0,1,0
43906.71,WITHDRAWAL,Nashik,DEVICE008,17,9,0,1,0
14315.04,WITHDRAWAL,Dhule,DEVICE006,2,10,0,0,1
13806.96,DEPOSIT,Ahmedabad,DEVICE001,9,6,0,0,0
10490.86,DEPOSIT,Ahmedabad,DEVICE002,14,6,0,0,0
7400.7,DEPOSIT,Delhi,DEVICE004,5,9,1,0,0
22108.85,WITHDRAWAL,Chennai,DEVICE005,20,6,1,0,0
17595.5,PAYMENT,Bangalore,DEVICE001,18,21,0,0,0
2470.53,TRANSFER,Bangalore,DEVICE006,13,8,0,0,1
21104.95,DEPOSIT,Kolkata,DEVICE006,2,16,0,1,1
33625.42,DEPOSIT,Kolkata,DEVICE006,5,19,0,0,0
12554.68,PAYMENT,Dhule,DEVICE008,3,3,0,0,0
26674.89,DEPOSIT,Chennai,DEVICE008,0,12,0,0,0
39768.49,TRANSFER,Dhule,DEVICE003,12,9,0,0,0
19299.86,TRANSFER,Kolkata,DEVICE006,10,12,0,0,0
15616.43,WITHDRAWAL,Dhule,DEVICE005,21,30,0,0,0
32034.13,PAYMENT,Bangalore,DEVICE001,6,18,1,0,0
15998.42,DEPOSIT,Bangalore,DEVICE003,3,0,0,0,0
43616.37,PAYMENT,Pune,DEVICE007,10,20,0,0,0
41067.55,DEPOSIT,Pune,DEVICE008,7,1,1,1,1
2891.0,DEPOSIT,Ahmedabad,DEVICE006,11,29,1,0,0
7109.5,TRANSFER,Bangalore,DEVICE003,2,21,0,0,0
40951.61,PAYMENT,Delhi,DEVICE005,12,8,1,0,0
46236.29,TRANSFER,Kolkata,DEVICE007,6,20,0,0,1
26984.5,WITHDRAWAL,Mumbai,DEVICE003,1,14,0,0,0
11114.31,WITHDRAWAL,Chennai,DEVICE005,0,18,0,1,0
1946.89,PAYMENT,Delhi,DEVICE001,20,21,0,0,0
1377.55,TRANSFER,Ahmedabad,DEVICE008,7,0,0,0,0
27081.39,WITHDRAWAL,Pune,DEVICE001,11,20,0,0,0
15717.26,PAYMENT,Hyderabad,DEVICE006,2,15,0,0,1
29432.28,DEPOSIT,Ahmedabad,DEVICE002,6,3,1,0,0
19172.25,PAYMENT,Dhule,DEVICE007,9,21,0,0,0
28771.98,PAYMENT,Bangalore,DEVICE002,6,20,0,0,0
43804.19,WITHDRAWAL,Bangalore,DEVICE001,7,11,0,0,0
9785.42,DEPOSIT,Kolkata,DEVICE003,4,16,1,0,1
19904.08,PAYMENT,Ahmedabad,DEVICE007,12,3,0,0,0
46560.1,DEPOSIT,Hyderabad,DEVICE002,0,20,0,0,0
43120.87,WITHDRAWAL,Dhule,DEVICE008,14,11,0,0,1
23925.59,TRANSFER,Dhule,DEVICE006,20,20,1,0,0
35532.2,TRANSFER,Bangalore,DEVICE001,12,17,0,1,0
43666.79,DEPOSIT,Pune,DEVICE003,11,5,0,0,0
37522.29,WITHDRAWAL,Ahmedabad,DEVICE007,6,6,0,0,0
21372.73,PAYMENT,Mumbai,DEVICE007,23,20,0,0,1
6523.71,PAYMENT,Chennai,DEVICE005,14,17,0,0,0
48508.97,WITHDRAWAL,Kolkata,DEVICE002,12,28,0,0,0
28159.67,TRANSFER,Chennai,DEVICE005,21,23,0,0,0
6116.65,PAYMENT,Pune,DEVICE002,17,25,0,0,0
14475.21,DEPOSIT,Mumbai,DEVICE001,22,20,0,0,0
19705.44,WITHDRAWAL,Ahmedabad,DEVICE005,22,30,0,1,0
6880.27,DEPOSIT,Ahmedabad,DEVICE008,9,5,0,1,0
16347.41,WITHDRAWAL,Hyderabad,DEVICE007,7,1,0,0,1
34166.06,PAYMENT,Dhule,DEVICE007,13,22,0,0,0
45365.17,PAYMENT,Hyderabad,DEVICE002,5,22,0,0,0
30250.65,TRANSFER,Mumbai,DEVICE007,11,13,0,0,0
49671.52,TRANSFER,Mumbai,DEVICE006,2,1,0,0,0
3506.56,TRANSFER,Hyderabad,DEVICE001,23,12,0,0,0
3013.36,DEPOSIT,Hyderabad,DEVICE006,17,13,1,0,0
43207.52,WITHDRAWAL,Chennai,DEVICE005,0,5,0,1,1
41360.03,WITHDRAWAL,Chennai,DEVICE007,20,15,1,0,1
26006.16,WITHDRAWAL,Delhi,DEVICE007,8,10,0,1,0
11973.97,PAYMENT,Dhule,DEVICE003,1,13,0,0,1
24545.87,WITHDRAWAL,Kolkata,DEVICE006,22,4,0,1,1
37492.39,PAYMENT,Kolkata,DEVICE006,17,16,0,1,0
48311.63,WITHDRAWAL,Kolkata,DEVICE004,20,12,1,0,1
27332.38,DEPOSIT,Dhule,DEVICE005,13,7,0,0,0
22813.96,TRANSFER,Hyderabad,DEVICE004,16,3,1,0,1
11536.84,PAYMENT,Delhi,DEVICE005,23,23,1,0,0
19217.69,PAYMENT,Kolkata,DEVICE008,6,28,0,0,0
6775.05,PAYMENT,Hyderabad,DEVICE004,6,15,0,0,0
34743.75,TRANSFER,Bangalore,DEVICE003,17,20,0,0,1
662.45,TRANSFER,Bangalore,DEVICE003,9,25,0,0,0
37918.89,PAYMENT,Bangalore,DEVICE004,22,21,0,0,0
7799.46,TRANSFER,Dhule,DEVICE006,1,7,1,0,1
1933.31,WITHDRAWAL,Ahmedabad,DEVICE006,1,2,1,0,1
47432.2,DEPOSIT,Nashik,DEVICE001,20,21,0,0,1
29588.3,WITHDRAWAL,Kolkata,DEVICE006,1,3,0,0,0
37246.92,WITHDRAWAL,Mumbai,DEVICE003,22,24,0,0,0
34604.61,TRANSFER,Dhule,DEVICE001,11,4,0,0,0
28593.71,PAYMENT,Mumbai,DEVICE001,8,8,0,0,0
13011.73,TRANSFER,Ahmedabad,DEVICE003,9,23,1,0,0
13858.59,WITHDRAWAL,Delhi,DEVICE003,10,25,1,0,0
31978.41,WITHDRAWAL,Hyderabad,DEVICE008,15,24,0,1,0
15481.66,WITHDRAWAL,Dhule,DEVICE004,11,24,1,0,0
42133.35,DEPOSIT,Pune,DEVICE001,11,14,0,0,0
15174.82,DEPOSIT,Mumbai,DEVICE001,0,21,0,0,0
37628.34,DEPOSIT,Bangalore,DEVICE007,3,8,0,0,0
18892.02,WITHDRAWAL,Bangalore,DEVICE004,14,25,0,0,0
44193.4,PAYMENT,Kolkata,DEVICE005,11,6,0,1,1
24295.86,TRANSFER,Bangalore,DEVICE005,18,2,0,1,1
28672.49,DEPOSIT,Kolkata,DEVICE001,11,6,0,1,0
15836.97,TRANSFER,Nashik,DEVICE005,17,20,0,0,0
19193.05,WITHDRAWAL,Dhule,DEVICE005,13,21,1,0,1
6069.83,DEPOSIT,Delhi,DEVICE007,1,2,0,0,1
8777.4,TRANSFER,Hyderabad,DEVICE003,21,11,0,0,0
2055.82,DEPOSIT,Dhule,DEVICE004,1,30,0,0,0
8256.74,PAYMENT,Nashik,DEVICE001,14,4,0,0,0
25917.02,TRANSFER,Ahmedabad,DEVICE008,17,24,0,1,1
11223.69,WITHDRAWAL,Bangalore,DEVICE006,7,28,0,0,0
3865.72,WITHDRAWAL,Mumbai,DEVICE003,21,0,1,0,0
20707.53,PAYMENT,Ahmedabad,DEVICE002,20,27,1,0,0
4082.94,WITHDRAWAL,Nashik,DEVICE006,6,4,0,0,0
45725.26,TRANSFER,Hyderabad,DEVICE004,8,27,0,0,0
28488.23,PAYMENT,Hyderabad,DEVICE008,2,22,0,0,0
32351.31,WITHDRAWAL,Hyderabad,DEVICE005,23,2,0,0,0
8289.27,DEPOSIT,Chennai,DEVICE005,13,21,0,0,0
27324.31,PAYMENT,Dhule,DEVICE001,11,14,0,1,0
17034.01,PAYMENT,Mumbai,DEVICE004,7,4,0,0,0
30774.26,DEPOSIT,Mumbai,DEVICE003,22,26,1,0,0
24415.2,WITHDRAWAL,Bangalore,DEVICE001,20,26,1,0,1
20381.51,WITHDRAWAL,Delhi,DEVICE001,2,30,0,0,0
29692.51,WITHDRAWAL,Hyderabad,DEVICE001,7,9,0,0,0
24192.29,WITHDRAWAL,Chennai,DEVICE008,16,11,0,0,0
14037.5,PAYMENT,Nashik,DEVICE005,11,0,0,0,0
9089.99,WITHDRAWAL,Chennai,DEVICE006,14,24,0,0,0
20111.51,PAYMENT,Ahmedabad,DEVICE005,4,27,0,0,1
34388.71,WITHDRAWAL,Delhi,DEVICE001,3,11,0,1,0
39635.83,WITHDRAWAL,Kolkata,DEVICE008,4,6,1,1,0
25231.96,WITHDRAWAL,Nashik,DEVICE004,11,22,1,0,1
25039.7,WITHDRAWAL,Bangalore,DEVICE008,7,0,1,0,0
35965.05,TRANSFER,Pune,DEVICE003,23,9,0,1,0
36466.36,PAYMENT,Dhule,DEVICE004,3,30,1,1,1
29054.23,TRANSFER,Ahmedabad,DEVICE008,16,5,0,0,0
6680.44,DEPOSIT,Mumbai,DEVICE003,22,22,0,0,0
36630.83,TRANSFER,Mumbai,DEVICE007,3,12,0,0,0
15074.24,WITHDRAWAL,Ahmedabad,DEVICE001,21,6,0,0,0
37544.53,WITHDRAWAL,Pune,DEVICE005,22,18,0,0,0
20004.78,PAYMENT,Kolkata,DEVICE005,10,0,1,0,1
22405.12,PAYMENT,Bangalore,DEVICE006,5,30,0,0,0
41848.28,TRANSFER,Chennai,DEVICE008,7,20,0,0,0
21712.91,DEPOSIT,Ahmedabad,DEVICE004,2,20,1,1,1
31881.96,TRANSFER,Dhule,DEVICE006,11,7,0,0,0
49950.63,PAYMENT,Delhi,DEVICE007,0,26,0,0,0
38486.75,DEPOSIT,Pune,DEVICE007,20,1,1,0,0
38172.13,TRANSFER,Nashik,DEVICE006,14,20,1,0,1
15659.33,WITHDRAWAL,Nashik,DEVICE006,10,29,0,0,0
39807.73,WITHDRAWAL,Ahmedabad,DEVICE002,4,27,1,0,0
13470.86,PAYMENT,Chennai,DEVICE008,11,13,0,0,0
17254.89,WITHDRAWAL,Kolkata,DEVICE005,12,1,0,0,0
46909.22,WITHDRAWAL,Ahmedabad,DEVICE007,0,6,0,0,1
11040.81,PAYMENT,Delhi,DEVICE005,12,3,0,0,0
38084.79,DEPOSIT,Pune,DEVICE008,1,25,0,0,0
7407.73,DEPOSIT,Pune,DEVICE008,14,19,0,1,1
31546.94,TRANSFER,Bangalore,DEVICE008,17,9,1,0,0
7695.36,WITHDRAWAL,Delhi,DEVICE008,22,5,0,0,0
16312.43,DEPOSIT,Mumbai,DEVICE006,17,22,0,0,1
234.1,TRANSFER,Chennai,DEVICE002,8,0,1,1,1
16184.87,TRANSFER,Bangalore,DEVICE003,8,23,0,1,0
48911.48,PAYMENT,Pune,DEVICE008,22,7,0,0,0
24230.22,WITHDRAWAL,Chennai,DEVICE003,23,9,0,0,0
41903.92,WITHDRAWAL,Hyderabad,DEVICE006,16,18,0,0,1
23828.46,PAYMENT,Nashik,DEVICE007,16,28,0,1,0
25754.23,PAYMENT,Mumbai,DEVICE007,10,30,0,0,0
27951.97,PAYMENT,Chennai,DEVICE002,3,8,1,0,1
34007.97,DEPOSIT,Chennai,DEVICE008,11,14,1,1,0
34636.8,DEPOSIT,Chennai,DEVICE003,6,16,0,0,0
14788.53,DEPOSIT,Kolkata,DEVICE007,7,13,0,0,0
11211.23,TRANSFER,Hyderabad,DEVICE007,4,3,1,1,1
10148.05,WITHDRAWAL,Hyderabad,DEVICE008,22,12,0,0,0
30139.84,PAYMENT,Delhi,DEVICE002,15,28,0,0,0
36333.42,TRANSFER,Bangalore,DEVICE004,15,3,0,0,1
48146.07,TRANSFER,Mumbai,DEVICE005,6,15,0,0,0
48618.52,DEPOSIT,Kolkata,DEVICE002,20,22,0,0,0
46913.38,DEPOSIT,Bangalore,DEVICE003,5,20,1,0,1
4486.08,WITHDRAWAL,Kolkata,DEVICE004,0,7,0,1,0
28552.04,WITHDRAWAL,Delhi,DEVICE007,14,5,0,0,0
24588.9,PAYMENT,Hyderabad,DEVICE004,22,2,0,0,0
46914.21,TRANSFER,Nashik,DEVICE006,7,27,0,1,1
29652.77,WITHDRAWAL,Nashik,DEVICE003,10,7,0,1,1
19967.95,PAYMENT,Hyderabad,DEVICE005,5,27,1,0,0
18844.61,PAYMENT,Dhule,DEVICE001,11,3,0,1,1
29518.57,DEPOSIT,Pune,DEVICE008,21,21,0,0,0
38021.38,WITHDRAWAL,Chennai,DEVICE007,15,20,0,0,0
28613.38,PAYMENT,Pune,DEVICE001,2,30,0,0,0
49734.56,WITHDRAWAL,Ahmedabad,DEVICE004,3,6,1,0,1
36889.37,WITHDRAWAL,Ahmedabad,DEVICE008,16,15,1,0,0
1075.1,WITHDRAWAL,Bangalore,DEVICE004,17,24,0,1,0
31471.46,WITHDRAWAL,Hyderabad,DEVICE001,17,13,0,1,0
31934.76,TRANSFER,Chennai,DEVICE003,6,16,0,0,0
3561.49,DEPOSIT,Pune,DEVICE005,17,4,1,1,0
23522.08,DEPOSIT,Ahmedabad,DEVICE005,3,8,0,1,0
12718.24,TRANSFER,Bangalore,DEVICE005,16,15,1,1,0
47652.94,DEPOSIT,Hyderabad,DEVICE003,23,28,0,0,0
43585.71,DEPOSIT,Nashik,DEVICE008,19,12,1,0,1
6504.95,TRANSFER,Chennai,DEVICE002,7,12,1,0,1
4954.08,PAYMENT,Bangalore,DEVICE001,6,23,1,1,1
14597.37,DEPOSIT,Nashik,DEVICE002,15,8,0,1,0
39601.32,DEPOSIT,Dhule,DEVICE001,16,9,0,1,1
49104.93,WITHDRAWAL,Delhi,DEVICE002,18,23,0,0,0
30985.75,PAYMENT,Ahmedabad,DEVICE003,23,22,1,0,0
39357.55,WITHDRAWAL,Mumbai,DEVICE001,0,15,1,0,1
28571.36,PAYMENT,Delhi,DEVICE001,3,27,0,0,0
6389.64,PAYMENT,Hyderabad,DEVICE008,17,17,0,0,0
5869.33,TRANSFER,Ahmedabad,DEVICE008,1,0,0,1,1
4733.69,WITHDRAWAL,Nashik,DEVICE002,9,27,0,1,0
29246.06,PAYMENT,Pune,DEVICE002,13,8,1,0,1
9662.36,WITHDRAWAL,Hyderabad,DEVICE007,2,14,1,0,0
3693.93,DEPOSIT,Bangalore,DEVICE001,20,8,0,1,0
1320.71,TRANSFER,Dhule,DEVICE003,11,1,0,0,0
2407.0,PAYMENT,Mumbai,DEVICE008,22,24,0,0,0
42508.95,PAYMENT,Dhule,DEVICE008,20,14,1,0,1
46862.3,PAYMENT,Mumbai,DEVICE002,8,12,0,0,1
31231.85,PAYMENT,Dhule,DEVICE005,6,7,0,0,0
20099.61,WITHDRAWAL,Dhule,DEVICE007,14,4,0,0,0
42706.45,PAYMENT,Mumbai,DEVICE007,7,16,0,0,0
38259.15,WITHDRAWAL,Dhule,DEVICE004,7,11,0,0,0
48137.1,DEPOSIT,Mumbai,DEVICE008,19,24,0,0,1
42240.14,DEPOSIT,Delhi,DEVICE004,21,5,1,1,1
23038.82,TRANSFER,Pune,DEVICE007,20,30,1,0,0
14382.27,DEPOSIT,Pune,DEVICE001,1,7,0,0,1
48109.08,DEPOSIT,Ahmedabad,DEVICE002,4,12,0,0,0
37411.55,WITHDRAWAL,Pune,DEVICE008,13,9,0,0,1
39654.98,TRANSFER,Hyderabad,DEVICE006,8,29,0,0,0
4652.31,PAYMENT,Pune,DEVICE001,2,28,0,0,0
3811.25,PAYMENT,Ahmedabad,DEVICE001,6,27,1,1,0
47908.28,DEPOSIT,Mumbai,DEVICE004,21,9,1,0,0
6131.84,DEPOSIT,Delhi,DEVICE005,14,0,0,0,0
48331.01,WITHDRAWAL,Nashik,DEVICE007,14,25,0,0,0
43124.01,WITHDRAWAL,Kolkata,DEVICE001,19,1,1,1,1
45240.72,TRANSFER,Chennai,DEVICE002,14,6,0,0,0
20282.8,TRANSFER,Dhule,DEVICE006,14,15,0,0,0
4060.29,WITHDRAWAL,Pune,DEVICE003,15,22,0,1,0
4123.94,WITHDRAWAL,Bangalore,DEVICE005,9,26,0,0,0
9562.54,TRANSFER,Dhule,DEVICE007,15,0,0,0,0
31356.82,WITHDRAWAL,Pune,DEVICE001,23,26,0,0,0
16733.55,TRANSFER,Bangalore,DEVICE008,17,2,0,0,0
49933.84,TRANSFER,Kolkata,DEVICE002,11,16,1,0,0
2680.01,DEPOSIT,Ahmedabad,DEVICE004,12,17,0,0,0
22676.39,WITHDRAWAL,Kolkata,DEVICE002,1,4,0,0,1
15012.34,DEPOSIT,Dhule,DEVICE006,2,2,0,0,1
42547.33,PAYMENT,Hyderabad,DEVICE004,0,1,0,0,0
25668.82,TRANSFER,Ahmedabad,DEVICE007,5,0,0,0,0
11773.07,TRANSFER,Pune,DEVICE003,18,16,1,0,1
1105.27,WITHDRAWAL,Hyderabad,DEVICE004,16,16,0,0,0
15398.15,WITHDRAWAL,Dhule,DEVICE006,11,23,1,1,0
7346.22,PAYMENT,Chennai,DEVICE004,15,18,0,0,0
11118.72,TRANSFER,Dhule,DEVICE008,20,6,1,0,0
6884.91,DEPOSIT,Pune,DEVICE001,14,7,1,1,0
25494.34,DEPOSIT,Dhule,DEVICE004,6,14,0,1,1
22620.3,PAYMENT,Ahmedabad,DEVICE004,19,17,0,0,0
22338.24,DEPOSIT,Mumbai,DEVICE004,1,0,0,0,0
4631.89,DEPOSIT,Bangalore,DEVICE006,15,4,0,0,0
3499.82,DEPOSIT,Ahmedabad,DEVICE006,12,15,0,0,0
41523.17,WITHDRAWAL,Pune,DEVICE003,12,0,0,1,0
29703.18,DEPOSIT,Bangalore,DEVICE008,21,5,0,0,0
19220.08,DEPOSIT,Ahmedabad,DEVICE003,2,16,0,1,1
43919.74,TRANSFER,Dhule,DEVICE005,11,3,1,1,1
31931.79,PAYMENT,Bangalore,DEVICE001,19,18,1,0,0
45415.14,PAYMENT,Hyderabad,DEVICE006,5,6,0,0,0
38982.46,DEPOSIT,Pune,DEVICE006,20,6,1,0,0
21101.12,TRANSFER,Dhule,DEVICE002,19,10,0,0,0
36314.11,WITHDRAWAL,Bangalore,DEVICE007,18,4,0,0,0
26084.93,TRANSFER,Dhule,DEVICE003,13,2,1,0,1
22084.46,DEPOSIT,Mumbai,DEVICE005,17,24,0,1,0
657.08,DEPOSIT,Delhi,DEVICE005,0,29,0,0,0
45119.03,TRANSFER,Bangalore,DEVICE004,9,5,1,0,0
11164.5,DEPOSIT,Pune,DEVICE001,23,21,0,1,0
15392.7,WITHDRAWAL,Nashik,DEVICE008,19,24,0,1,0
22036.26,PAYMENT,Mumbai,DEVICE003,17,3,0,0,0
15211.54,WITHDRAWAL,Nashik,DEVICE008,19,30,0,0,0
11912.62,TRANSFER,Dhule,DEVICE004,7,22,1,0,0
38889.45,TRANSFER,Ahmedabad,DEVICE008,3,20,0,0,0
38609.74,PAYMENT,Kolkata,DEVICE007,16,14,0,0,0
17369.29,PAYMENT,Nashik,DEVICE001,12,18,0,0,0
34085.7,DEPOSIT,Ahmedabad,DEVICE001,5,16,0,0,0
38389.46,DEPOSIT,Dhule,DEVICE002,7,26,0,0,0
15401.62,TRANSFER,Nashik,DEVICE004,4,5,0,1,0
31095.42,WITHDRAWAL,Mumbai,DEVICE002,21,11,1,0,0
7575.94,PAYMENT,Delhi,DEVICE008,19,23,1,0,0
14117.27,WITHDRAWAL,Chennai,DEVICE001,20,9,0,1,0
17175.18,TRANSFER,Hyderabad,DEVICE008,15,4,0,0,1
15993.31,PAYMENT,Kolkata,DEVICE005,16,10,0,1,1
46175.6,TRANSFER,Dhule,DEVICE007,11,8,0,0,0
21453.92,TRANSFER,Mumbai,DEVICE008,22,10,0,1,0
16239.49,WITHDRAWAL,Hyderabad,DEVICE008,6,24,0,0,0
270.11,PAYMENT,Dhule,DEVICE008,22,0,0,0,1
5389.73,WITHDRAWAL,Delhi,DEVICE003,12,6,0,0,0
38986.61,TRANSFER,Pune,DEVICE003,21,9,0,0,0
29921.66,PAYMENT,Delhi,DEVICE008,10,21,0,0,0
25393.17,TRANSFER,Delhi,DEVICE007,21,27,0,0,0
1022.67,WITHDRAWAL,Kolkata,DEVICE001,10,17,0,1,1
46307.51,DEPOSIT,Kolkata,DEVICE008,4,30,1,1,0
44913.99,DEPOSIT,Mumbai,DEVICE005,5,9,0,0,1
48664.79,PAYMENT,Bangalore,DEVICE003,0,25,0,0,0
10410.69,TRANSFER,Mumbai,DEVICE001,1,18,1,1,1
32615.79,DEPOSIT,Mumbai,DEVICE008,16,24,0,0,0
7502.41,DEPOSIT,Dhule,DEVICE003,0,30,0,0,0
17152.64,TRANSFER,Delhi,DEVICE003,9,27,0,0,0
34488.52,DEPOSIT,Delhi,DEVICE003,1,10,1,1,1
1817.02,TRANSFER,Dhule,DEVICE004,8,3,0,0,0
40176.3,PAYMENT,Kolkata,DEVICE004,2,11,0,1,1
37082.88,TRANSFER,Ahmedabad,DEVICE004,1,15,0,0,0
49291.9,PAYMENT,Mumbai,DEVICE005,21,6,0,0,0
31324.49,TRANSFER,Bangalore,DEVICE003,23,21,1,0,0
23143.15,TRANSFER,Nashik,DEVICE005,5,2,0,0,0
22686.3,WITHDRAWAL,Dhule,DEVICE003,19,21,0,0,0
25219.46,PAYMENT,Hyderabad,DEVICE008,3,8,0,1,0
43833.35,TRANSFER,Chennai,DEVICE006,10,18,0,0,0
38980.33,TRANSFER,Nashik,DEVICE001,6,6,0,0,0
19146.93,WITHDRAWAL,Kolkata,DEVICE003,3,12,0,0,0
16549.27,DEPOSIT,Hyderabad,DEVICE005,21,19,0,1,0
9580.55,DEPOSIT,Nashik,DEVICE001,6,13,1,0,0
37011.32,PAYMENT,Dhule,DEVICE001,11,11,0,0,0
7764.12,WITHDRAWAL,Nashik,DEVICE001,20,12,0,0,0
34379.88,DEPOSIT,Kolkata,DEVICE001,13,22,0,1,0
33607.55,WITHDRAWAL,Kolkata,DEVICE006,2,4,1,0,1
32308.71,TRANSFER,Nashik,DEVICE008,16,21,1,0,1
43908.19,DEPOSIT,Chennai,DEVICE008,5,29,1,0,1
21609.51,WITHDRAWAL,Pune,DEVICE002,1,21,1,0,0
1934.7,PAYMENT,Delhi,DEVICE001,13,30,1,0,0
19914.92,WITHDRAWAL,Pune,DEVICE008,12,20,1,0,0
46367.48,TRANSFER,Chennai,DEVICE003,20,7,0,0,0
35191.93,DEPOSIT,Delhi,DEVICE008,13,5,1,0,0
13105.51,PAYMENT,Chennai,DEVICE004,11,30,0,0,0
36794.02,TRANSFER,Pune,DEVICE002,23,16,0,0,0
41814.22,DEPOSIT,Ahmedabad,DEVICE001,16,23,0,1,1
4305.76,TRANSFER,Delhi,DEVICE007,20,7,0,0,0
38145.63,TRANSFER,Hyderabad,DEVICE005,6,27,1,0,0
22133.7,TRANSFER,Mumbai,DEVICE001,12,14,0,0,1
44269.84,WITHDRAWAL,Delhi,DEVICE004,23,8,0,0,1
38967.7,DEPOSIT,Hyderabad,DEVICE005,23,9,1,0,1
4388.43,TRANSFER,Hyderabad,DEVICE002,23,11,0,0,1
4871.04,TRANSFER,Mumbai,DEVICE008,10,30,0,0,0
15858.97,DEPOSIT,Kolkata,DEVICE006,14,17,0,0,0
31045.32,PAYMENT,Kolkata,DEVICE006,17,17,0,0,0
45472.66,WITHDRAWAL,Delhi,DEVICE001,1,10,1,1,1
37519.83,TRANSFER,Chennai,DEVICE004,19,18,0,0,0
46207.5,PAYMENT,Delhi,DEVICE005,10,2,0,0,1
22953.91,PAYMENT,Kolkata,DEVICE007,9,29,0,0,0
47472.99,DEPOSIT,Mumbai,DEVICE004,16,29,0,0,0
33360.44,PAYMENT,Delhi,DEVICE003,17,23,0,0,0
32483.54,WITHDRAWAL,Hyderabad,DEVICE007,15,12,0,0,0
15658.26,PAYMENT,Dhule,DEVICE006,17,24,0,0,0
21482.85,WITHDRAWAL,Dhule,DEVICE004,2,14,0,0,1
47567.01,WITHDRAWAL,Pune,DEVICE002,14,14,0,0,0
12415.88,TRANSFER,Pune,DEVICE006,4,16,0,0,0
26426.01,WITHDRAWAL,Ahmedabad,DEVICE001,16,14,0,0,0
37582.54,PAYMENT,Delhi,DEVICE004,20,17,0,1,1
6142.13,DEPOSIT,Ahmedabad,DEVICE008,22,16,0,1,0
38251.09,TRANSFER,Pune,DEVICE001,4,3,0,0,0
1808.3,PAYMENT,Dhule,DEVICE007,19,12,1,0,0
26737.15,DEPOSIT,Ahmedabad,DEVICE008,3,24,0,0,0
44784.26,DEPOSIT,Pune,DEVICE002,9,2,0,0,1
13945.5,PAYMENT,Ahmedabad,DEVICE005,19,0,1,0,0
19247.56,WITHDRAWAL,Delhi,DEVICE008,3,11,0,0,0
13907.72,TRANSFER,Delhi,DEVICE001,17,13,0,1,1
11852.54,DEPOSIT,Pune,DEVICE002,15,5,0,0,0
47156.39,TRANSFER,Pune,DEVICE007,16,25,0,0,1
6472.05,PAYMENT,Ahmedabad,DEVICE004,11,5,0,0,0
5199.43,TRANSFER,Ahmedabad,DEVICE004,7,5,0,0,0
9666.96,DEPOSIT,Delhi,DEVICE002,17,16,0,0,0
40216.64,WITHDRAWAL,Pune,DEVICE002,7,26,1,0,1
43142.77,WITHDRAWAL,Delhi,DEVICE004,20,23,0,0,0
35857.54,DEPOSIT,Mumbai,DEVICE005,9,23,0,0,0
7686.15,PAYMENT,Nashik,DEVICE002,19,22,1,1,1
15902.11,PAYMENT,Dhule,DEVICE007,14,11,0,0,0
46742.94,TRANSFER,Kolkata,DEVICE006,16,18,0,0,1
40814.43,DEPOSIT,Dhule,DEVICE005,9,3,0,0,0
43369.49,DEPOSIT,Mumbai,DEVICE003,20,20,0,0,0
48211.12,PAYMENT,Nashik,DEVICE002,22,9,1,1,1
4113.19,WITHDRAWAL,Mumbai,DEVICE008,4,8,1,0,0
6881.21,TRANSFER,Kolkata,DEVICE001,17,1,0,1,0
499.24,DEPOSIT,Ahmedabad,DEVICE003,11,29,0,1,0
44236.75,WITHDRAWAL,Ahmedabad,DEVICE004,16,4,0,0,1
10634.89,DEPOSIT,Delhi,DEVICE006,11,14,0,1,0
47553.4,TRANSFER,Delhi,DEVICE006,9,8,0,0,1
24702.1,PAYMENT,Hyderabad,DEVICE007,13,30,0,0,0
2783.8,DEPOSIT,Nashik,DEVICE005,1,1,0,0,0
12081.98,DEPOSIT,Delhi,DEVICE004,20,4,0,0,0
44715.61,WITHDRAWAL,Dhule,DEVICE005,20,27,1,1,1
47250.19,PAYMENT,Dhule,DEVICE001,0,7,0,0,1
11565.68,TRANSFER,Delhi,DEVICE007,7,13,1,0,1
22270.22,PAYMENT,Hyderabad,DEVICE003,19,5,0,0,0
47160.39,PAYMENT,Ahmedabad,DEVICE008,6,22,0,0,0
18043.85,WITHDRAWAL,Nashik,DEVICE005,7,7,0,0,0
34591.32,WITHDRAWAL,Chennai,DEVICE002,1,27,0,0,0
42006.47,WITHDRAWAL,Delhi,DEVICE006,20,3,0,0,0
7236.0,WITHDRAWAL,Kolkata,DEVICE001,16,20,0,0,0
33935.48,DEPOSIT,Bangalore,DEVICE006,3,29,0,0,0
46026.67,PAYMENT,Mumbai,DEVICE007,19,6,0,1,1
16926.16,PAYMENT,Mumbai,DEVICE002,23,19,0,0,0
36010.86,DEPOSIT,Dhule,DEVICE007,2,28,1,1,1
7023.08,DEPOSIT,Ahmedabad,DEVICE007,19,3,0,0,0
25277.33,DEPOSIT,Bangalore,DEVICE002,10,24,0,0,0
8027.02,DEPOSIT,Ahmedabad,DEVICE004,4,25,0,0,0
47408.06,PAYMENT,Mumbai,DEVICE005,20,25,1,0,0
28447.9,DEPOSIT,Bangalore,DEVICE005,13,17,0,0,0
5536.07,TRANSFER,Dhule,DEVICE003,14,0,1,0,0
49643.25,DEPOSIT,Nashik,DEVICE003,0,8,0,0,0
22545.88,PAYMENT,Nashik,DEVICE002,22,2,0,1,1
26944.17,PAYMENT,Chennai,DEVICE006,14,29,0,0,0
743.4,PAYMENT,Dhule,DEVICE002,19,29,0,0,0
1578.77,PAYMENT,Dhule,DEVICE005,3,19,0,0,1
39581.9,PAYMENT,Hyderabad,DEVICE002,12,19,0,0,0
13489.13,PAYMENT,Bangalore,DEVICE005,18,14,0,1,0
32771.22,DEPOSIT,Delhi,DEVICE008,23,11,1,0,1
11893.09,DEPOSIT,Ahmedabad,DEVICE006,23,18,0,1,0
18141.44,WITHDRAWAL,Kolkata,DEVICE003,19,24,1,0,0
18967.06,DEPOSIT,Ahmedabad,DEVICE001,19,7,0,0,0
39175.95,WITHDRAWAL,Bangalore,DEVICE003,7,28,0,0,0
8118.15,PAYMENT,Ahmedabad,DEVICE001,21,14,0,0,0
48822.88,DEPOSIT,Hyderabad,DEVICE007,18,18,0,0,0
24515.08,WITHDRAWAL,Dhule,DEVICE003,7,15,0,0,0
2857.92,TRANSFER,Ahmedabad,DEVICE006,16,29,0,0,1
22188.56,PAYMENT,Mumbai,DEVICE006,19,4,0,0,0
4896.47,DEPOSIT,Mumbai,DEVICE008,19,17,1,1,1
45332.3,DEPOSIT,Nashik,DEVICE003,16,12,0,0,1
32486.47,PAYMENT,Ahmedabad,DEVICE003,15,14,0,0,0
27316.49,TRANSFER,Hyderabad,DEVICE002,13,5,0,1,0
48131.9,TRANSFER,Ahmedabad,DEVICE003,15,17,0,1,1
32785.37,PAYMENT,Dhule,DEVICE001,7,20,0,0,0
46259.48,TRANSFER,Hyderabad,DEVICE006,16,11,0,0,0
26942.7,TRANSFER,Mumbai,DEVICE001,15,29,0,0,1
13841.98,DEPOSIT,Chennai,DEVICE005,13,29,0,0,0
35772.18,PAYMENT,Nashik,DEVICE007,18,25,0,1,0
20275.26,PAYMENT,Nashik,DEVICE002,2,23,0,0,1
14707.83,DEPOSIT,Kolkata,DEVICE005,20,25,0,1,0
33808.5,TRANSFER,Delhi,DEVICE004,3,5,0,0,0
48217.98,PAYMENT,Dhule,DEVICE003,2,3,0,0,0
20436.01,WITHDRAWAL,Pune,DEVICE005,11,13,0,0,0
31721.68,PAYMENT,Dhule,DEVICE001,5,26,1,0,0
8008.8,PAYMENT,Delhi,DEVICE001,13,26,0,0,0
21446.75,DEPOSIT,Nashik,DEVICE001,18,19,0,0,0
18994.46,DEPOSIT,Hyderabad,DEVICE001,23,30,0,1,1
13315.3,TRANSFER,Delhi,DEVICE002,5,15,0,0,0
18097.34,PAYMENT,Mumbai,DEVICE007,8,29,1,0,1
4219.18,DEPOSIT,Dhule,DEVICE004,4,6,0,1,0
12994.93,TRANSFER,Bangalore,DEVICE008,1,12,0,0,0
39666.38,DEPOSIT,Mumbai,DEVICE008,13,4,0,0,0
20019.82,DEPOSIT,Mumbai,DEVICE005,8,9,1,1,0
41247.29,WITHDRAWAL,Dhule,DEVICE002,20,29,0,0,0
28154.49,TRANSFER,Delhi,DEVICE001,1,25,0,0,1
18935.07,PAYMENT,Hyderabad,DEVICE007,14,14,1,1,1
49032.74,WITHDRAWAL,Hyderabad,DEVICE002,14,22,0,0,0
11904.27,DEPOSIT,Bangalore,DEVICE003,15,16,0,1,1
1266.33,PAYMENT,Chennai,DEVICE002,16,9,0,0,0
20376.27,TRANSFER,Delhi,DEVICE002,14,0,0,1,0
32406.78,PAYMENT,Nashik,DEVICE008,20,25,0,0,0
12719.17,PAYMENT,Chennai,DEVICE006,19,28,1,0,1
14886.13,PAYMENT,Chennai,DEVICE005,22,9,0,0,0
25764.91,PAYMENT,Dhule,DEVICE003,13,22,0,0,0
26939.68,DEPOSIT,Delhi,DEVICE008,15,16,0,0,0
10235.43,WITHDRAWAL,Ahmedabad,DEVICE003,4,13,0,0,1
41338.7,WITHDRAWAL,Delhi,DEVICE004,21,19,0,0,0
37722.15,TRANSFER,Ahmedabad,DEVICE002,9,21,0,0,0
9668.76,WITHDRAWAL,Dhule,DEVICE003,3,25,0,1,0
3411.4,PAYMENT,Delhi,DEVICE003,5,28,0,1,0
29671.87,WITHDRAWAL,Nashik,DEVICE005,6,19,0,1,0
47984.97,WITHDRAWAL,Hyderabad,DEVICE004,11,20,1,0,1
12054.74,DEPOSIT,Chennai,DEVICE001,4,10,0,0,0
16059.08,WITHDRAWAL,Delhi,DEVICE001,1,29,0,0,0
46437.82,WITHDRAWAL,Pune,DEVICE008,14,11,0,0,1
5295.26,TRANSFER,Bangalore,DEVICE001,10,5,0,0,0
38885.86,TRANSFER,Pune,DEVICE006,12,11,1,1,1
49355.03,TRANSFER,Hyderabad,DEVICE002,11,13,1,0,0
31663.25,DEPOSIT,Kolkata,DEVICE003,22,28,0,1,0
44904.05,TRANSFER,Ahmedabad,DEVICE002,5,8,0,0,0
44224.81,TRANSFER,Dhule,DEVICE005,16,27,0,1,1
47140.04,PAYMENT,Dhule,DEVICE005,10,17,1,0,0
10522.3,PAYMENT,Dhule,DEVICE001,20,18,0,0,0
6688.06,TRANSFER,Delhi,DEVICE008,5,10,0,0,0
26341.94,PAYMENT,Dhule,DEVICE004,18,25,0,0,0
17207.44,DEPOSIT,Bangalore,DEVICE004,23,0,0,0,1
28505.03,DEPOSIT,Mumbai,DEVICE006,21,11,0,0,0
23073.64,WITHDRAWAL,Dhule,DEVICE002,2,15,0,1,0
33782.68,DEPOSIT,Ahmedabad,DEVICE003,5,15,0,0,0
12702.72,DEPOSIT,Bangalore,DEVICE006,19,24,0,0,0
42381.35,TRANSFER,Ahmedabad,DEVICE001,8,0,0,0,1
7226.22,PAYMENT,Dhule,DEVICE002,21,1,0,1,1
44800.46,PAYMENT,Chennai,DEVICE002,15,24,1,0,1
28772.81,PAYMENT,Dhule,DEVICE007,21,3,1,0,0
39818.56,WITHDRAWAL,Kolkata,DEVICE005,5,27,0,0,0
16403.97,WITHDRAWAL,Ahmedabad,DEVICE005,10,23,0,0,0
20939.94,TRANSFER,Hyderabad,DEVICE003,13,28,0,0,0
34252.59,WITHDRAWAL,Pune,DEVICE002,10,4,0,0,0
33843.76,PAYMENT,Dhule,DEVICE008,7,16,1,0,0
14804.97,WITHDRAWAL,Mumbai,DEVICE003,0,10,0,0,1
46356.76,PAYMENT,Dhule,DEVICE004,11,15,0,0,1
27416.44,PAYMENT,Kolkata,DEVICE008,13,7,0,0,0
19979.85,WITHDRAWAL,Ahmedabad,DEVICE006,6,8,0,0,0
49389.08,DEPOSIT,Chennai,DEVICE008,3,1,1,0,0
689.75,TRANSFER,Dhule,DEVICE001,2,24,0,0,0
40149.56,DEPOSIT,Ahmedabad,DEVICE003,15,13,0,0,0
47066.46,DEPOSIT,Hyderabad,DEVICE005,6,30,0,0,0
45430.16,WITHDRAWAL,Ahmedabad,DEVICE003,19,7,1,1,0
9644.72,PAYMENT,Dhule,DEVICE002,18,21,0,1,1
32758.53,DEPOSIT,Dhule,DEVICE001,6,6,0,0,0
16789.35,DEPOSIT,Dhule,DEVICE001,18,20,0,1,1
11866.42,WITHDRAWAL,Bangalore,DEVICE002,13,11,0,0,0
26031.85,TRANSFER,Pune,DEVICE005,16,12,1,0,0
13044.89,WITHDRAWAL,Kolkata,DEVICE005,8,0,0,0,0
45400.34,WITHDRAWAL,Mumbai,DEVICE005,20,30,0,0,0
23105.51,WITHDRAWAL,Hyderabad,DEVICE006,12,5,1,1,0
23002.57,TRANSFER,Ahmedabad,DEVICE008,20,6,0,0,0
1340.25,PAYMENT,Delhi,DEVICE003,1,19,0,0,1
14961.48,TRANSFER,Delhi,DEVICE002,10,13,0,0,0
15465.79,PAYMENT,Chennai,DEVICE002,9,10,0,0,0
26284.88,TRANSFER,Dhule,DEVICE001,11,26,0,0,0
31405.15,DEPOSIT,Dhule,DEVICE008,5,29,0,0,0
16350.7,PAYMENT,Delhi,DEVICE008,9,11,1,0,0
481.73,DEPOSIT,Nashik,DEVICE008,7,10,0,0,0
2499.84,TRANSFER,Dhule,DEVICE006,1,4,0,0,0
12230.17,WITHDRAWAL,Ahmedabad,DEVICE003,9,29,0,0,0
11888.18,TRANSFER,Kolkata,DEVICE008,0,9,0,0,1
30207.84,DEPOSIT,Mumbai,DEVICE002,12,9,0,0,0
22554.74,TRANSFER,Dhule,DEVICE003,13,29,0,0,0
44293.26,PAYMENT,Delhi,DEVICE002,6,15,0,0,1
15655.12,TRANSFER,Bangalore,DEVICE007,8,9,0,1,1
49437.95,DEPOSIT,Nashik,DEVICE008,23,15,1,0,0
18296.44,TRANSFER,Delhi,DEVICE004,0,12,0,1,1
42463.8,PAYMENT,Kolkata,DEVICE007,5,1,0,0,1
28049.85,WITHDRAWAL,Dhule,DEVICE003,8,28,0,0,0
39266.99,DEPOSIT,Mumbai,DEVICE004,2,16,0,0,0
34557.35,PAYMENT,Dhule,DEVICE008,4,9,0,0,0
47368.53,WITHDRAWAL,Chennai,DEVICE001,17,30,0,0,0
16627.52,TRANSFER,Ahmedabad,DEVICE005,7,3,1,0,1
33805.01,TRANSFER,Mumbai,DEVICE005,20,29,0,0,0
37381.88,DEPOSIT,Kolkata,DEVICE003,13,3,1,0,1
48326.53,WITHDRAWAL,Mumbai,DEVICE001,18,13,0,0,1
15255.98,PAYMENT,Bangalore,DEVICE001,14,2,0,0,0
36160.9,TRANSFER,Delhi,DEVICE008,16,6,0,0,0
47383.85,PAYMENT,Chennai,DEVICE006,16,15,0,0,1
6085.18,PAYMENT,Ahmedabad,DEVICE002,23,27,0,0,0
2436.56,DEPOSIT,Bangalore,DEVICE005,3,29,1,0,1
10685.97,TRANSFER,Pune,DEVICE005,17,0,0,1,0
4102.31,WITHDRAWAL,Pune,DEVICE003,0,14,0,0,0
18550.32,WITHDRAWAL,Delhi,DEVICE002,12,16,0,0,0
32469.61,DEPOSIT,Chennai,DEVICE007,20,15,0,0,0
37382.11,PAYMENT,Chennai,DEVICE003,22,21,0,1,1
7016.87,WITHDRAWAL,Nashik,DEVICE004,6,5,0,0,0
6786.12,DEPOSIT,Mumbai,DEVICE007,16,30,1,0,0
446.05,PAYMENT,Nashik,DEVICE002,13,25,0,0,0
3633.79,DEPOSIT,Nashik,DEVICE008,4,0,0,0,1
45454.41,DEPOSIT,Hyderabad,DEVICE002,3,22,0,0,1
9380.93,TRANSFER,Kolkata,DEVICE002,22,16,0,1,0
40851.98,WITHDRAWAL,Delhi,DEVICE003,5,1,1,0,0
34252.46,TRANSFER,Dhule,DEVICE008,15,28,0,0,0
37645.78,WITHDRAWAL,Nashik,DEVICE007,6,3,0,0,0
2714.01,PAYMENT,Pune,DEVICE002,15,14,0,1,0
16151.62,WITHDRAWAL,Kolkata,DEVICE004,8,27,0,0,1
28490.98,TRANSFER,Chennai,DEVICE008,12,12,1,0,0
7087.95,DEPOSIT,Ahmedabad,DEVICE001,6,27,1,0,1
28103.83,PAYMENT,Nashik,DEVICE001,8,20,0,1,1
7046.88,PAYMENT,Pune,DEVICE005,5,9,1,0,0
43190.1,TRANSFER,Dhule,DEVICE002,5,21,0,0,0
19615.24,TRANSFER,Chennai,DEVICE003,13,12,0,0,0
46580.01,PAYMENT,Bangalore,DEVICE004,7,6,1,0,0
42296.04,WITHDRAWAL,Mumbai,DEVICE008,15,12,0,0,0
14533.63,PAYMENT,Chennai,DEVICE001,22,25,0,0,0
28346.35,WITHDRAWAL,Dhule,DEVICE006,6,17,1,0,1
44099.37,WITHDRAWAL,Hyderabad,DEVICE001,3,16,0,0,0
12557.96,TRANSFER,Hyderabad,DEVICE006,9,5,0,0,0
13449.56,PAYMENT,Chennai,DEVICE005,2,9,0,0,0
13736.41,DEPOSIT,Pune,DEVICE005,5,4,0,1,0
22057.85,WITHDRAWAL,Hyderabad,DEVICE006,14,28,0,0,0
9782.83,PAYMENT,Ahmedabad,DEVICE006,10,6,1,0,0
1434.81,WITHDRAWAL,Dhule,DEVICE004,4,12,0,0,1
44322.04,TRANSFER,Chennai,DEVICE007,9,24,0,0,0
24378.0,DEPOSIT,Nashik,DEVICE003,10,24,0,0,0
26755.97,TRANSFER,Nashik,DEVICE007,9,9,0,0,0
20932.8,PAYMENT,Mumbai,DEVICE006,0,12,0,0,0
7247.98,TRANSFER,Kolkata,DEVICE006,6,13,1,0,1
6731.91,TRANSFER,Chennai,DEVICE003,5,0,0,0,0
40117.55,WITHDRAWAL,Bangalore,DEVICE002,17,29,1,0,0
32503.39,DEPOSIT,Mumbai,DEVICE001,15,5,0,1,1
3875.52,PAYMENT,Ahmedabad,DEVICE005,1,9,0,0,1
6898.63,WITHDRAWAL,Delhi,DEVICE003,12,1,0,1,0
19616.71,WITHDRAWAL,Delhi,DEVICE007,0,7,1,0,1
21347.08,WITHDRAWAL,Kolkata,DEVICE007,1,30,1,0,1
30746.56,TRANSFER,Nashik,DEVICE007,4,20,0,0,0
13761.71,WITHDRAWAL,Ahmedabad,DEVICE008,12,2,0,0,1
43561.43,WITHDRAWAL,Dhule,DEVICE008,3,17,0,0,0
12092.44,PAYMENT,Chennai,DEVICE004,2,17,0,0,0
37657.81,WITHDRAWAL,Delhi,DEVICE005,17,12,0,0,0
45102.65,PAYMENT,Nashik,DEVICE002,5,19,1,0,1
43490.0,DEPOSIT,Nashik,DEVICE008,8,5,0,0,1
29210.22,WITHDRAWAL,Chennai,DEVICE004,20,14,0,1,0
12550.81,PAYMENT,Dhule,DEVICE005,7,0,1,0,0
35170.77,PAYMENT,Dhule,DEVICE002,1,7,0,0,0
10879.34,DEPOSIT,Dhule,DEVICE007,8,11,0,1,0
31524.38,PAYMENT,Dhule,DEVICE004,4,17,0,0,0
3269.2,TRANSFER,Ahmedabad,DEVICE004,18,7,0,1,0
14405.39,TRANSFER,Ahmedabad,DEVICE003,5,0,0,0,0
35561.7,PAYMENT,Hyderabad,DEVICE008,20,6,1,0,0
22054.75,PAYMENT,Bangalore,DEVICE007,1,7,0,0,0
706.23,WITHDRAWAL,Nashik,DEVICE004,1,5,0,0,0
27261.82,PAYMENT,Nashik,DEVICE003,8,15,0,0,0
29301.64,TRANSFER,Chennai,DEVICE008,16,11,1,0,0
12344.75,WITHDRAWAL,Pune,DEVICE003,8,9,0,1,0
28206.04,WITHDRAWAL,Nashik,DEVICE005,2,29,0,0,1
5144.69,WITHDRAWAL,Bangalore,DEVICE002,8,1,0,0,0
12169.08,PAYMENT,Delhi,DEVICE001,9,22,1,0,1
8579.87,TRANSFER,Mumbai,DEVICE005,4,9,0,0,1
9779.38,TRANSFER,Nashik,DEVICE005,20,4,1,0,0
45783.56,WITHDRAWAL,Dhule,DEVICE008,21,0,0,0,0
38763.59,TRANSFER,Pune,DEVICE006,9,19,1,0,0
14628.32,WITHDRAWAL,Pune,DEVICE005,15,0,1,0,1
11089.13,TRANSFER,Pune,DEVICE001,4,8,0,0,0
18230.0,DEPOSIT,Pune,DEVICE008,3,25,0,0,1
21409.75,DEPOSIT,Ahmedabad,DEVICE006,5,6,1,1,1
937.93,PAYMENT,Bangalore,DEVICE003,23,0,0,0,0
26862.94,PAYMENT,Dhule,DEVICE005,23,30,1,0,0
20502.45,WITHDRAWAL,Nashik,DEVICE008,3,26,1,0,0
19519.96,TRANSFER,Bangalore,DEVICE003,11,11,0,0,0
43804.41,TRANSFER,Ahmedabad,DEVICE005,9,26,1,0,1
44002.44,WITHDRAWAL,Kolkata,DEVICE003,15,17,1,0,1
12195.85,TRANSFER,Pune,DEVICE001,21,5,0,0,0
36796.99,WITHDRAWAL,Nashik,DEVICE007,1,15,0,1,1
39438.59,TRANSFER,Delhi,DEVICE001,9,26,1,0,0
23424.45,WITHDRAWAL,Ahmedabad,DEVICE008,1,5,0,0,0
10766.83,DEPOSIT,Delhi,DEVICE002,11,28,0,1,0
21094.18,WITHDRAWAL,Pune,DEVICE007,4,26,0,1,1
9950.22,WITHDRAWAL,Bangalore,DEVICE002,22,14,0,1,0
26951.27,PAYMENT,Hyderabad,DEVICE001,21,30,0,1,1
4744.77,PAYMENT,Mumbai,DEVICE001,18,18,0,0,0
21686.81,DEPOSIT,Delhi,DEVICE003,23,29,0,0,0
46488.46,DEPOSIT,Chennai,DEVICE004,4,25,1,0,1
26099.22,PAYMENT,Hyderabad,DEVICE007,7,8,0,0,0
42574.35,TRANSFER,Chennai,DEVICE006,0,23,0,0,0
36563.29,PAYMENT,Dhule,DEVICE004,14,2,1,1,1
46502.84,TRANSFER,Mumbai,DEVICE001,19,27,0,1,0
25078.88,DEPOSIT,Bangalore,DEVICE007,1,2,1,0,1
13237.65,DEPOSIT,Hyderabad,DEVICE006,18,4,1,0,0
14877.06,TRANSFER,Ahmedabad,DEVICE003,3,16,1,0,1
7963.9,PAYMENT,Mumbai,DEVICE005,17,17,0,0,0
21384.36,PAYMENT,Dhule,DEVICE005,3,23,1,0,0
10941.98,WITHDRAWAL,Dhule,DEVICE001,16,26,0,0,0
12892.98,TRANSFER,Hyderabad,DEVICE005,3,3,1,0,1
19998.96,PAYMENT,Bangalore,DEVICE006,7,28,0,1,0
10654.67,WITHDRAWAL,Bangalore,DEVICE001,2,30,1,0,1
17605.12,PAYMENT,Pune,DEVICE006,4,23,0,0,0
35744.94,TRANSFER,Nashik,DEVICE002,14,5,0,0,0
5677.02,WITHDRAWAL,Dhule,DEVICE002,17,12,0,0,0
49656.73,PAYMENT,Pune,DEVICE008,9,29,0,0,0
24801.5,PAYMENT,Nashik,DEVICE004,20,29,1,0,0
31044.77,TRANSFER,Pune,DEVICE002,1,8,1,0,0
25195.89,WITHDRAWAL,Dhule,DEVICE008,23,0,0,0,0
44987.0,TRANSFER,Mumbai,DEVICE007,2,25,0,0,1
11121.4,PAYMENT,Ahmedabad,DEVICE007,19,29,0,0,0
11713.55,TRANSFER,Delhi,DEVICE004,16,28,0,0,0
21710.68,WITHDRAWAL,Pune,DEVICE005,18,15,0,0,0
27300.91,WITHDRAWAL,Kolkata,DEVICE001,18,9,0,0,0
30195.58,TRANSFER,Kolkata,DEVICE008,17,10,0,0,0
42624.06,PAYMENT,Pune,DEVICE004,16,23,0,0,0
8768.77,PAYMENT,Pune,DEVICE006,15,28,1,0,1
9010.71,WITHDRAWAL,Kolkata,DEVICE005,9,2,0,0,0
42417.22,TRANSFER,Kolkata,DEVICE005,10,14,0,0,0
16196.83,WITHDRAWAL,Nashik,DEVICE008,13,2,0,0,0
5203.32,WITHDRAWAL,Dhule,DEVICE008,1,21,1,0,0
34033.29,DEPOSIT,Kolkata,DEVICE008,9,20,1,0,1
5914.87,WITHDRAWAL,Kolkata,DEVICE001,0,6,0,0,0
15436.16,PAYMENT,Hyderabad,DEVICE008,18,16,0,1,0
13851.2,TRANSFER,Kolkata,DEVICE006,16,4,1,0,0
5981.9,WITHDRAWAL,Delhi,DEVICE005,11,3,0,1,0
31580.22,PAYMENT,Chennai,DEVICE004,22,24,0,0,0
1992.15,PAYMENT,Ahmedabad,DEVICE007,12,25,1,1,1
26687.85,WITHDRAWAL,Ahmedabad,DEVICE006,11,14,0,1,1
45324.45,WITHDRAWAL,Bangalore,DEVICE005,5,13,0,1,1
40961.76,PAYMENT,Dhule,DEVICE001,22,3,0,0,0
42466.24,TRANSFER,Mumbai,DEVICE008,17,15,0,0,0
45871.61,WITHDRAWAL,Bangalore,DEVICE007,14,15,0,0,0
46356.96,WITHDRAWAL,Hyderabad,DEVICE008,6,2,0,0,1
42398.07,PAYMENT,Kolkata,DEVICE008,14,10,0,0,1
13969.96,TRANSFER,Dhule,DEVICE006,17,1,0,0,0
41265.23,DEPOSIT,Nashik,DEVICE002,11,15,0,0,0
40747.06,WITHDRAWAL,Kolkata,DEVICE007,18,25,0,0,0
23998.06,TRANSFER,Mumbai,DEVICE006,13,19,0,0,0
10717.86,DEPOSIT,Mumbai,DEVICE004,23,5,0,0,0
49002.9,DEPOSIT,Delhi,DEVICE007,15,2,0,0,0
10260.98,DEPOSIT,Mumbai,DEVICE005,11,28,0,0,0
17950.36,DEPOSIT,Bangalore,DEVICE008,4,24,0,0,0
34067.05,PAYMENT,Chennai,DEVICE008,4,1,0,0,0
1838.88,DEPOSIT,Bangalore,DEVICE002,22,16,1,0,0
7128.86,TRANSFER,Chennai,DEVICE001,21,23,0,0,0
3788.82,WITHDRAWAL,Delhi,DEVICE005,8,20,1,0,1
28778.03,DEPOSIT,Bangalore,DEVICE004,2,28,1,1,0
36351.31,DEPOSIT,Mumbai,DEVICE002,17,21,0,1,1
49505.62,WITHDRAWAL,Hyderabad,DEVICE002,3,26,1,0,0
16803.4,WITHDRAWAL,Delhi,DEVICE001,20,17,0,1,0
25761.44,WITHDRAWAL,Chennai,DEVICE002,4,15,0,0,1
33426.53,WITHDRAWAL,Kolkata,DEVICE007,3,15,0,0,0
48808.88,TRANSFER,Hyderabad,DEVICE002,19,8,1,0,1
13423.69,DEPOSIT,Pune,DEVICE004,4,12,0,0,0
15830.59,PAYMENT,Pune,DEVICE005,10,9,0,1,1
25103.9,DEPOSIT,Pune,DEVICE003,23,19,0,1,0
3344.85,WITHDRAWAL,Kolkata,DEVICE006,15,19,0,0,0
33823.54,TRANSFER,Dhule,DEVICE003,14,0,0,0,0
15452.14,DEPOSIT,Bangalore,DEVICE001,16,29,0,1,0
27069.77,TRANSFER,Nashik,DEVICE004,15,26,1,0,1
13894.94,TRANSFER,Delhi,DEVICE002,11,3,0,0,0
11394.94,PAYMENT,Chennai,DEVICE002,17,1,0,0,0
